Familia,Geracao,Obtivel,Especie_encontrada,Local,Detalhe
Bulbasaur,1,Sim,Bulbasaur,Goldenrod Gachapon (Basic Gachapon),Gachapon
Charmander,1,Sim,Charmander,Goldenrod Gachapon (Basic Gachapon),Gachapon
Squirtle,1,Sim,Squirtle,Goldenrod Gachapon (Basic Gachapon),Gachapon
Caterpie,1,Sim,Caterpie,Route 30,Land Mons (Lv 3-4)
Weedle,1,Sim,Weedle,Route 30,Land Mons (Lv 3-4)
Pidgey,1,Sim,Pidgey,Route 29,Land Mons (Lv 2-3)
Rattata,1,Sim,Rattata,Route 29,Land Mons (Lv 2-3)
Spearow,1,Sim,Spearow,Gate Goldenrod City Route35,Named gift (Kenya)
Ekans,1,Sim,Ekans,Route 32,Land Mons (Lv 7-11)
Pikachu,1,Sim,Pikachu,Railway Cave,Land Mons (Lv 26-29)
Sandshrew,1,Sim,Sandshrew,Union Cave 1 F,Land Mons (Lv 9-12)
Nidoran (M/F),1,Sim,Nidoran F,Route 46,Land Mons (Lv 2-3)
Clefairy,1,Sim,Clefairy,Goldenrod Gachapon (Great Gachapon),Gachapon
Vulpix,1,Sim,Vulpix,Route 33,Land Mons (Lv 10-13)
Jigglypuff,1,Sim,Jigglypuff,Route 35,Land Mons (Lv 15-17)
Zubat,1,Sim,Zubat,Dark Cave South Side,Land Mons (Lv 3-6)
Oddish,1,Sim,Oddish,Ilex Forest,Hidden Grotto (Lv 15)
Paras,1,Sim,Paras,Route 30,Land Mons (Lv 3-4)
Venonat,1,Sim,Venonat,Route 31,Land Mons (Lv 5)
Diglett,1,Sim,Diglett,Union Cave B2 F,Land Mons (Lv 22)
Meowth,1,Sim,Meowth,Route 31,Land Mons (Lv 5)
Psyduck,1,Sim,Psyduck,Route 40,Fishing Mons (Lv 10)
Mankey,1,Sim,Mankey,Route 36,Land Mons (Lv 6-8) [Day]
Growlithe,1,Sim,Growlithe,Route 36,Land Mons (Lv 7-8) [Day]
Poliwag,1,Sim,Poliwag,Route 30,Water Mons (Lv 15-24)
Abra,1,Sim,Abra,Route 34,Land Mons (Lv 12-15)
Machop,1,Sim,Machop,Route 33,Land Mons (Lv 10-13)
Bellsprout,1,Sim,Bellsprout,Route 31,Land Mons (Lv 4-5)
Tentacool,1,Sim,Tentacool,Route 32,Water Mons (Lv 15-19)
Geodude,1,Sim,Geodude,Route 46,Land Mons (Lv 2-3)
Ponyta,1,Sim,Ponyta,Route 39,Land Mons (Lv 20-25)
Slowpoke,1,Sim,Slowpoke,Union Cave B1 F,Water Mons (Lv 15-19)
Magnemite,1,Sim,Magnemite,Route 38,Land Mons (Lv 20-23)
Farfetch'd,1,Sim,Farfetch'd,Route 43,Land Mons (Lv 25-27)
Doduo,1,Sim,Doduo,Route 46,Land Mons (Lv 2-3)
Seel,1,Sim,Seel,Route 47,Water Mons (Lv 28-33)
Grimer,1,Sim,Grimer,Route 34,Land Mons (Lv 13-16)
Shellder,1,Sim,Shellder,Route 32,Water Mons (Lv 15-19)
Gastly,1,Sim,Gastly,Sprout Tower 2 F,Land Mons (Lv 3-6)
Onix,1,Sim,Onix,Union Cave 1 F,Land Mons (Lv 9-13)
Drowzee,1,Sim,Drowzee,Sprout Tower 2 F,Land Mons (Lv 3-6)
Krabby,1,Sim,Krabby,Route 41,Fishing Mons (Lv 10)
Voltorb,1,Sim,Voltorb,Rocket Hideout B1 F,Land Mons (Lv 21)
Exeggcute,1,Sim,Exeggcute,Route 44,Land Mons (Lv 32-40)
Cubone,1,Sim,Cubone,Union Cave 1 F,Land Mons (Lv 9-13)
Hitmon-family (Tyrogue line),1,Sim,Tyrogue,Mt Mortar B1 F,Gift (Lv 25)
Lickitung,1,Sim,Lickitung,Route 44,Land Mons (Lv 34-40)
Koffing,1,Sim,Koffing,Burned Tower 1 F,Land Mons (Lv 18-22)
Rhyhorn,1,Sim,Rhyhorn,Union Cave 1 F,Land Mons (Lv 9-13)
Chansey,1,Sim,Chansey,Route 47,Land Mons (Lv 40-50)
Tangela,1,Sim,Tangela,Route 36,Land Mons (Lv 7-8) [Day]
Kangaskhan,1,Sim,Kangaskhan,Union Cave B2 F,Land Mons (Lv 23)
Horsea,1,Sim,Horsea,Route 41,Water Mons (Lv 21-30)
Goldeen,1,Sim,Goldeen,Whirl Islands 1 F,Fishing Mons (Lv 10)
Staryu,1,Sim,Staryu,Route 33,Fishing Mons (Lv 9-12)
Mr. Mime,1,Sim,Mr. Mime,Lake of Rage,Land Mons (Lv 27-30)
Scyther,1,Sim,Scyther,National Park Normal,Land Mons (Lv 17-18)
Jynx,1,Sim,Jynx,Ice Path 1 F,Land Mons (Lv 32-40) [Day]
Electabuzz,1,Sim,Electabuzz,Route 44,Land Mons (Lv 36-40)
Magmar,1,Sim,Magmar,Route 44,Land Mons (Lv 33-40)
Pinsir,1,Sim,Pinsir,National Park Normal,Land Mons (Lv 17-18)
Tauros,1,Sim,Tauros,Route 39,Land Mons (Lv 19-26)
Magikarp,1,Sim,Magikarp,Route 30,Fishing Mons (Lv 10)
Lapras,1,Sim,Lapras,Mt. Silver 1 F Waterfall Room,Water Mons (Lv 40-60)
Ditto,1,Sim,Ditto,Route 47,Hidden Grotto (Lv 40)
Eevee,1,Sim,Eevee,Route 48,Land Mons (Lv 30-33)
Porygon,1,Sim,Porygon,Goldenrod Gachapon (Great Gachapon),Gachapon
Omanyte,1,Sim,Omanyte,Ruins of Alph Lab,Revived from Helix Fossil (Lv 20)
Kabuto,1,Sim,Kabuto,Whirl Islands Descent,Land Mons (Lv 40-45)
Aerodactyl,1,Sim,Aerodactyl,Faraway Island Jungle,Land Mons (Lv 52-55)
Snorlax,1,Sim,Snorlax,Nameless Cave B2 F,Land Mons (Lv 58-68)
Articuno,1,Sim,Articuno,Snowtop Mountain Outside,Legendary encounter (Lv 50)
Zapdos,1,Sim,Zapdos,Olivine City Lighthouse Top,Legendary encounter (Lv 50)
Moltres,1,Sim,Moltres,Victory Road B1 F,Legendary encounter (Lv 60)
Dratini,1,Sim,Dratini,Route 45,Fishing Mons (Lv 10)
Mewtwo,1,Sim,Mewtwo,Nameless Cave,Legendary encounter (Lv 80)
Mew,1,Sim,Mew,Faraway Island Depths,Legendary encounter (Lv 55)
Chikorita,2,Sim,Chikorita,Goldenrod Gachapon (Basic Gachapon),Gachapon
Cyndaquil,2,Sim,Cyndaquil,Goldenrod Gachapon (Basic Gachapon),Gachapon
Totodile,2,Sim,Totodile,Goldenrod Gachapon (Basic Gachapon),Gachapon
Sentret,2,Sim,Sentret,Goldenrod Gachapon (Basic Gachapon),Gachapon
Hoothoot,2,Sim,Hoothoot,Route 29,Land Mons (Lv 2-3)
Ledyba,2,Sim,Ledyba,Ilex Forest,Land Mons (Lv 11-15)
Spinarak,2,Sim,Spinarak,Route 30,Land Mons (Lv 4)
Chinchou,2,Sim,Chinchou,Route 41,Fishing Mons (Lv 20)
Togepi,2,Sim,Togepi,Violet City Pokemon Center,Gift Egg
Natu,2,Sim,Natu,Ruins of Alph Outside,Land Mons (Lv 6-8)
Mareep,2,Sim,Mareep,Route 32,Land Mons (Lv 7-10)
Marill,2,Sim,Marill,Ruins of Alph Outside,Land Mons (Lv 6-8)
Sudowoodo,2,Sim,Sudowoodo,Goldenrod Gachapon (Great Gachapon),Gachapon
Hoppip,2,Sim,Hoppip,Route 29,Land Mons (Lv 2-3)
Aipom,2,Sim,Aipom,Route 39,Land Mons (Lv 20-23)
Sunkern,2,Sim,Sunkern,National Park Normal,Land Mons (Lv 13-14)
Yanma,2,Sim,Yanma,Route 35,Land Mons (Lv 15-16)
Wooper,2,Sim,Wooper,Route 32,Land Mons (Lv 7-11)
Murkrow,2,Sim,Murkrow,Route 43,Land Mons (Lv 25-27)
Misdreavus,2,Sim,Misdreavus,Sprout Tower 2 F,Land Mons (Lv 3-7)
Unown,2,Sim,Unown,Ruins of Alph B1 F,Land Mons (Lv 5)
Wobbuffet,2,Sim,Wobbuffet,Dark Cave North Side,Land Mons (Lv 30-35) [Night]
Girafarig,2,Sim,Girafarig,Route 37,Land Mons (Lv 16-20)
Pineco,2,Sim,Pineco,Route 36,Land Mons (Lv 6-7) [Day]
Dunsparce,2,Sim,Dunsparce,Dark Cave South Side,Land Mons (Lv 3-6)
Gligar,2,Sim,Gligar,Route 45,Land Mons (Lv 40-46)
Snubbull,2,Sim,Snubbull,Route 33,Land Mons (Lv 10-13)
Qwilfish,2,Sim,Qwilfish,Route 32,Fishing Mons (Lv 20)
Shuckle,2,Sim,Shuckle,Cianwood House3,Named gift (Shuckie)
Heracross,2,Sim,Heracross,Route 48,Land Mons (Lv 30-33)
Sneasel,2,Sim,Sneasel,Ice Path 1 F,Land Mons (Lv 32-41) [Day]
Teddiursa,2,Sim,Teddiursa,Dark Cave South Side,Land Mons (Lv 3-6)
Slugma,2,Sim,Slugma,Burned Tower 1 F,Land Mons (Lv 18-21)
Swinub,2,Sim,Swinub,Ice Path 1 F,Land Mons (Lv 30-40) [Day]
Corsola,2,Sim,Corsola,Route 34,Fishing Mons (Lv 20)
Remoraid,2,Sim,Remoraid,Goldenrod Gachapon (Basic Gachapon),Gachapon
Delibird,2,Sim,Delibird,Ice Path B3 F,Land Mons (Lv 33-41) [Day]
Mantine,2,Sim,Mantine,Route 33,Water Mons (Lv 30-35)
Skarmory,2,Sim,Skarmory,Route 43,Land Mons (Lv 25-29)
Houndour,2,Sim,Houndour,Route 36,Land Mons (Lv 7-8) [Night]
Phanpy,2,Sim,Phanpy,Route 46,Land Mons (Lv 2-3)
Stantler,2,Sim,Stantler,Route 37,Land Mons (Lv 16-20)
Smeargle,2,Sim,Smeargle,Route 34,Land Mons (Lv 12-14)
Miltank,2,Sim,Miltank,Route 38,Land Mons (Lv 20-26)
Raikou,2,Sim,Raikou,New Mauville Inside Raikou,Scripted wild battle (Lv 70)
Entei,2,Sim,Entei,Magma Hideout 3 F 1 R Entei,Scripted wild battle (Lv 40)
Suicune,2,Sim,Suicune,Route25,Scripted stationary encounter (Lv 50)
Larvitar,2,Sim,Larvitar,Dark Cave South Side,Land Mons (Lv 3-6)
Lugia,2,Sim,Lugia,Whirl Islands Lugia Chamber,Legendary encounter (Lv 65)
Ho-Oh,2,Sim,Ho-Oh,Tin Tower Roof Day,Legendary encounter (Lv 65)
Celebi,2,Sim,Celebi,Ilex Forest,Scripted stationary encounter (Lv 40)
Treecko,3,Sim,Treecko,Goldenrod Gachapon (Basic Gachapon),Gachapon
Torchic,3,Sim,Torchic,Goldenrod Gachapon (Basic Gachapon),Gachapon
Mudkip,3,Sim,Mudkip,Goldenrod Gachapon (Basic Gachapon),Gachapon
Poochyena,3,Sim,Poochyena,Route 35,Land Mons (Lv 14-17)
Zigzagoon,3,Sim,Zigzagoon,Route 29,Land Mons (Lv 2-3)
Wurmple,3,Sim,Wurmple,Route 37,Land Mons (Lv 18-22)
Lotad,3,Sim,Lotad,Goldenrod Gachapon (Basic Gachapon),Gachapon
Seedot,3,Sim,Seedot,Goldenrod Gachapon (Basic Gachapon),Gachapon
Taillow,3,Sim,Taillow,Route 38,Land Mons (Lv 21-23)
Wingull,3,Sim,Wingull,Route 42,Water Mons (Lv 20-25)
Ralts,3,Sim,Ralts,Route 30,Land Mons (Lv 3-5)
Surskit,3,Sim,Surskit,Route 34,Water Mons (Lv 15-24)
Shroomish,3,Sim,Shroomish,Ilex Forest,Land Mons (Lv 10-14)
Slakoth,3,Sim,Slakoth,Route 39,Land Mons (Lv 21-23)
Nincada,3,Sim,Nincada,Ruins of Alph Outside,Land Mons (Lv 7-8)
Whismur,3,Sim,Whismur,Route 42,Land Mons (Lv 21-26)
Makuhita,3,Sim,Makuhita,Route 34,Land Mons (Lv 12-15)
Nosepass,3,Sim,Nosepass,Ruins of Alph Outside,Rock Smash Mons (Lv 30)
Skitty,3,Sim,Skitty,Route 43,Land Mons (Lv 25-27)
Sableye,3,Sim,Sableye,Lost Woods,Land Mons (Lv 28-35)
Mawile,3,Sim,Mawile,Union Cave B1 F,Land Mons (Lv 10-13)
Aron,3,Sim,Aron,Union Cave B2 F,Land Mons (Lv 21)
Meditite,3,Sim,Meditite,Goldenrod Gachapon (Basic Gachapon),Gachapon
Electrike,3,Sim,Electrike,Route 38,Land Mons (Lv 20-23)
Plusle,3,Sim,Plusle,Route 38,Land Mons (Lv 21-23)
Minun,3,Sim,Minun,Route 43,Land Mons (Lv 25-27)
Volbeat / Illumise,3,Sim,Volbeat,Kitakami Border,Land Mons (Lv 42-48)
Roselia,3,Sim,Roselia,Ilex Forest,Hidden Grotto (Lv 15)
Gulpin,3,Sim,Gulpin,Route 44,Land Mons (Lv 32-40)
Carvanha,3,Sim,Carvanha,Route 31,Fishing Mons (Lv 10)
Wailmer,3,Sim,Wailmer,South Johto Sea,Water Mons (Lv 30-35)
Numel,3,Sim,Numel,Burned Tower 1 F,Land Mons (Lv 18-22)
Torkoal,3,Sim,Torkoal,Mt Mortar Depths 1,Land Mons (Lv 45-50)
Spoink,3,Sim,Spoink,Sprout Tower 3 F,Land Mons (Lv 3-6)
Spinda,3,Sim,Spinda,Route25 Bills House,Gift
Trapinch,3,Sim,Trapinch,Vajra Desert West,Land Mons (Lv 26-28)
Cacnea,3,Sim,Cacnea,Vajra Desert West,Land Mons (Lv 26-29)
Swablu,3,Sim,Swablu,Route 38,Land Mons (Lv 21-24)
Zangoose,3,Sim,Zangoose,Route 47,Land Mons (Lv 33-50)
Seviper,3,Sim,Seviper,Route 48,Land Mons (Lv 30-32)
Lunatone,3,Sim,Lunatone,Burned Tower B1 F,Land Mons (Lv 19-21)
Solrock,3,Sim,Solrock,Lost Woods,Land Mons (Lv 28-35)
Barboach,3,Sim,Barboach,Route 35,Fishing Mons (Lv 10)
Corphish,3,Sim,Corphish,Olivine City,Water Mons (Lv 21-25)
Baltoy,3,Sim,Baltoy,Union Cave B2 F,Land Mons (Lv 22)
Lileep,3,Sim,Lileep,Whirl Islands Descent,Land Mons (Lv 40-45)
Anorith,3,Sim,Anorith,Ruins of Alph Lab,Revived from Claw Fossil (Lv 20)
Feebas,3,Sim,Feebas,Route 43,Water Mons (Lv 10-24)
Castform,3,Sim,Castform,Goldenrod Gachapon (Great Gachapon),Gachapon
Kecleon,3,Sim,Kecleon,Route 50,Land Mons (Lv 50-55)
Shuppet,3,Sim,Shuppet,Sprout Tower 2 F,Land Mons (Lv 3-7)
Duskull,3,Sim,Duskull,Sprout Tower 2 F,Land Mons (Lv 3-7)
Tropius,3,Sim,Tropius,Route 47,Land Mons (Lv 40-50)
Chimecho,3,Sim,Chimecho,Mt. Silver Mountain Side,Land Mons (Lv 55-60)
Absol,3,Sim,Absol,Route 28,Land Mons (Lv 52-58)
Snorunt,3,Sim,Snorunt,Ice Path 1 F,Land Mons (Lv 30-40) [Day]
Spheal,3,Sim,Spheal,Ice Path 1 F,Land Mons (Lv 30-40) [Day]
Clamperl,3,Sim,Clamperl,Goldenrod Gachapon (Great Gachapon),Gachapon
Relicanth,3,Sim,Relicanth,Goldenrod Gachapon (Great Gachapon),Gachapon
Luvdisc,3,Sim,Luvdisc,Route 40,Water Mons (Lv 22-26)
Bagon,3,Sim,Bagon,Dragon's Den Cavern,Land Mons (Lv 42-45) [Day]
Beldum,3,Sim,Beldum,Gift from Steven in Kitakami,Gift (Lv 15)
Regirock,3,Sim,Regirock,Regirock Chamber,Legendary encounter (Lv 50)
Regice,3,Sim,Regice,Snowtop Mountain B1 F 2,Legendary encounter (Lv 50)
Registeel,3,Sim,Registeel,Railway Cave Registeel Room,Legendary encounter (Lv 50)
Latias,3,Sim,Latias,Lati Temple Latias,Legendary encounter (Lv 80)
Latios,3,Sim,Latios,Lati Temple Latios,Legendary encounter (Lv 80)
Kyogre,3,Sim,Kyogre,Route 33 South Underwater Cave,Legendary encounter (Lv 80)
Groudon,3,Sim,Groudon,Route 50 Underwater Cave 2,Legendary encounter (Lv 80)
Rayquaza,3,Sim,Rayquaza,Embedded Tower,Legendary encounter (Lv 70)
Jirachi,3,Sim,Jirachi,Mt. Silver Summit Day,Gift Egg
Deoxys,3,Sim,Deoxys,Birth Island Exterior,Scripted stationary encounter (Lv 30)
Turtwig,4,Sim,Turtwig,Goldenrod Gachapon (Master Gachapon),Gachapon
Chimchar,4,Sim,Chimchar,Goldenrod Gachapon (Master Gachapon),Gachapon
Piplup,4,Sim,Piplup,Goldenrod Gachapon (Master Gachapon),Gachapon
Starly,4,Sim,Staravia,Route 37,Land Mons (Lv 17-21)
Bidoof,4,Sim,Bidoof,Route 29,Land Mons (Lv 2-3)
Kricketot,4,Sim,Kricketot,Route 30,Land Mons (Lv 4)
Shinx,4,Sim,Shinx,Route 31,Land Mons (Lv 4-6)
Cranidos,4,Sim,Cranidos,Ruins of Alph Outside,Rock Smash Mons (Lv 30)
Shieldon,4,Sim,Shieldon,Ruins of Alph Outside,Rock Smash Mons (Lv 30)
Burmy,4,Sim,Burmy,Ilex Forest,Land Mons (Lv 12-18)
Combee,4,Sim,Combee,Route 31,Land Mons (Lv 5-6)
Pachirisu,4,Sim,Pachirisu,Route 33,Land Mons (Lv 11-14)
Buizel,4,Sim,Buizel,Route 31,Land Mons (Lv 4)
Cherubi,4,Sim,Cherubi,Ilex Forest,Land Mons (Lv 12-16)
Shellos,4,Sim,Shellos,Route 30,Water Mons (Lv 15-24)
Drifloon,4,Sim,Drifloon,Route 42,Land Mons (Lv 22-26)
Buneary,4,Sim,Buneary,Route 38,Land Mons (Lv 21-24)
Glameow,4,Sim,Glameow,Route 46,Land Mons (Lv 2-4)
Stunky,4,Sim,Stunky,Route 32,Land Mons (Lv 7-12)
Bronzor,4,Sim,Bronzor,Tin Tower 5 F,Land Mons (Lv 40-45)
Chatot,4,Sim,Chatot,Route 33,Land Mons (Lv 11-14)
Spiritomb,4,Sim,Spiritomb,Kitakami Mountain 1 F,Land Mons (Lv 42-49)
Gible,4,Sim,Gible,Kitakami Well B1 F,Land Mons (Lv 50-55)
Riolu,4,Sim,Riolu,Tohjo Falls Cavern,Land Mons (Lv 28-30) [Day]
Hippopotas,4,Sim,Hippopotas,Vajra Desert West,Land Mons (Lv 26-29)
Skorupi,4,Sim,Skorupi,Route 42,Land Mons (Lv 20-24)
Croagunk,4,Sim,Croagunk,Route 34,Land Mons (Lv 14-16)
Carnivine,4,Sim,Carnivine,National Park Normal,Land Mons (Lv 14-17)
Finneon,4,Sim,Finneon,Route 34,Fishing Mons (Lv 10)
Snover,4,Sim,Snover,Ice Path 1 F,Land Mons (Lv 31-40) [Day]
Rotom,4,Sim,Rotom,Nameless Cave 1 F,Land Mons (Lv 58-69)
Uxie,4,Sim,Uxie,Acuity Cavern,Legendary encounter (Lv 50)
Mesprit,4,Sim,Mesprit,Verity Cavern,Legendary encounter (Lv 50)
Azelf,4,Sim,Azelf,Valor Cavern,Legendary encounter (Lv 50)
Dialga,4,Sim,Dialga,Spear Pillar Top,Legendary encounter (Lv 85)
Palkia,4,Sim,Palkia,Spear Pillar Top,Legendary encounter (Lv 85)
Heatran,4,Sim,Heatran,Mt Mortar Depths 1,Legendary encounter (Lv 70)
Regigigas,4,Sim,Regigigas,Mt. Silver 1 F Regigigas Room,Legendary encounter (Lv 70)
Giratina,4,Sim,Giratina,Spear Pillar Top,Legendary encounter (Lv 85)
Cresselia,4,Sim,Cresselia,Lake of Rage Cresselia Den,Legendary encounter (Lv 60)
Manaphy,4,Sim,Phione,South Johto Sea,Fishing Mons (Lv 5)
Darkrai,4,Sim,Darkrai,Darkrai Inn Final Room,Legendary encounter (Lv 70)
Shaymin,4,Sim,Shaymin,Dream Garden,Legendary encounter (Lv 50)
Arceus,4,Sim,Arceus,Gift from Oak (Pokédex completion reward),Gift Egg
Victini,5,Sim,Victini,Kitakami Road House,Gift (Lv 50)
Snivy,5,Sim,Snivy,Goldenrod Gachapon (Master Gachapon),Gachapon
Tepig,5,Sim,Tepig,Goldenrod Gachapon (Master Gachapon),Gachapon
Oshawott,5,Sim,Oshawott,Goldenrod Gachapon (Master Gachapon),Gachapon
Patrat,5,Sim,Patrat,Route 29,Land Mons (Lv 2)
Lillipup,5,Sim,Lillipup,Route 32,Land Mons (Lv 7-12)
Purrloin,5,Sim,Purrloin,Route 35,Land Mons (Lv 16-20)
Pansage,5,Sim,Pansage,Ilex Forest,Land Mons (Lv 12-16)
Pansear,5,Sim,Pansear,Burned Tower 1 F,Land Mons (Lv 19-23)
Panpour,5,Sim,Panpour,Ilex Forest,Land Mons (Lv 12-16)
Munna,5,Sim,Munna,Sprout Tower 2 F,Land Mons (Lv 3-7)
Pidove,5,Sim,Pidove,Route 29,Land Mons (Lv 2)
Blitzle,5,Sim,Blitzle,Route 38,Land Mons (Lv 19-26)
Roggenrola,5,Sim,Roggenrola,Union Cave 1 F,Land Mons (Lv 9-13)
Woobat,5,Sim,Woobat,Dark Cave South Side,Land Mons (Lv 4-6)
Drilbur,5,Sim,Drilbur,Tohjo Falls Cavern,Land Mons (Lv 30) [Day]
Audino,5,Sim,Audino,Kitakami Border,Land Mons (Lv 42-48)
Timburr,5,Sim,Timburr,Mt Mortar 1 F South,Land Mons (Lv 22-28)
Tympole,5,Sim,Tympole,Route 32,Fishing Mons (Lv 10)
Throh,5,Sim,Throh,Mt Mortar B1 F,Land Mons (Lv 22-28)
Sawk,5,Sim,Sawk,Mt Mortar B1 F,Land Mons (Lv 21-28)
Sewaddle,5,Sim,Sewaddle,National Park Normal,Land Mons (Lv 13-14)
Venipede,5,Sim,Venipede,Ilex Forest,Land Mons (Lv 11-15)
Cottonee,5,Sim,Cottonee,Route 30,Land Mons (Lv 3-4)
Petilil,5,Sim,Petilil,Route 32,Land Mons (Lv 7-11)
Basculin,5,Sim,Basculin,Mt. Silver Outside,Fishing Mons (Lv 10)
Sandile,5,Sim,Sandile,Cianwood City,Rock Smash Mons (Lv 20-22)
Darumaka,5,Sim,Darumaka,Route 49,Land Mons (Lv 24-28)
Maractus,5,Sim,Maractus,Vajra Desert West,Land Mons (Lv 26-30)
Dwebble,5,Sim,Dwebble,Cliff Edge Cave,Rock Smash Mons (Lv 28-31)
Scraggy,5,Sim,Scraggy,Route 49,Land Mons (Lv 24-28)
Sigilyph,5,Sim,Sigilyph,Ruins of Alph Outside,Land Mons (Lv 7-8)
Yamask,5,Sim,Yamask,Sprout Tower 2 F,Land Mons (Lv 3-6)
Tirtouga,5,Sim,Tirtouga,Ruins of Alph Lab,Revived from Cover Fossil; fossil found via Rock Smash in Ruins of Alph (Lv 20)
Archen,5,Sim,Archen,Ruins of Alph Lab,Revived from Plume Fossil; fossil found via Rock Smash in Ruins of Alph (Lv 20)
Trubbish,5,Sim,Trubbish,Route 34,Land Mons (Lv 10-16)
Zorua,5,Sim,Zorua,Ruins of Alph Outside,Land Mons (Lv 7-8)
Minccino,5,Sim,Minccino,Route 35,Land Mons (Lv 15-17)
Gothita,5,Sim,Gothita,Sprout Tower 3 F,Land Mons (Lv 3-8)
Solosis,5,Sim,Solosis,Route 43,Land Mons (Lv 25-27)
Ducklett,5,Sim,Ducklett,Route 35,Land Mons (Lv 14-18)
Vanillite,5,Sim,Vanillite,Ice Path 1 F,Land Mons (Lv 32-41) [Day]
Deerling,5,Sim,Deerling,Route 36,Land Mons (Lv 8) [Day]
Emolga,5,Sim,Emolga,Route 42,Land Mons (Lv 20-24)
Karrablast,5,Sim,Karrablast,Route 36,Land Mons (Lv 7-8) [Night]
Foongus,5,Sim,Foongus,Ilex Forest,Land Mons (Lv 11-15)
Frillish,5,Sim,Frillish,Olivine City,Water Mons (Lv 20-24)
Alomomola,5,Sim,Alomomola,Cianwood City,Fishing Mons (Lv 40)
Joltik,5,Sim,Joltik,Ilex Forest,Land Mons (Lv 10-14)
Ferroseed,5,Sim,Ferroseed,Route 44,Land Mons (Lv 32-40)
Klink,5,Sim,Klink,Railway Cave,Land Mons (Lv 26-29)
Tynamo,5,Sim,Tynamo,Railway Cave,Land Mons (Lv 25-28)
Elgyem,5,Sim,Elgyem,Ruins of Alph Outside,Land Mons (Lv 7-8)
Litwick,5,Sim,Litwick,Burned Tower 1 F,Land Mons (Lv 18-23)
Axew,5,Sim,Fraxure,Victory Road B2 F,Land Mons (Lv 51-58)
Cubchoo,5,Sim,Cubchoo,Ice Path B1 F,Land Mons (Lv 33-40) [Day]
Cryogonal,5,Sim,Cryogonal,Ice Path B3 F,Land Mons (Lv 34-41) [Day]
Shelmet,5,Sim,Shelmet,Ilex Forest,Land Mons (Lv 10-15)
Stunfisk,5,Sim,Stunfisk,Railway Cave,Land Mons (Lv 25-28)
Mienfoo,5,Sim,Mienfoo,Route 49,Land Mons (Lv 24-26)
Druddigon,5,Sim,Druddigon,Dragon's Den Cavern,Land Mons (Lv 45-55) [Day]
Golett,5,Sim,Golett,Mt Mortar 1 F South,Land Mons (Lv 22-28)
Pawniard,5,Sim,Pawniard,Tohjo Falls Cavern,Land Mons (Lv 28-30) [Day]
Bouffalant,5,Sim,Bouffalant,Route 48,Land Mons (Lv 30-34)
Rufflet,5,Sim,Rufflet,Route 48,Land Mons (Lv 30-33)
Vullaby,5,Sim,Vullaby,Vajra Desert West,Land Mons (Lv 26-30)
Heatmor,5,Sim,Heatmor,Burned Tower B1 F,Land Mons (Lv 19-23)
Durant,5,Sim,Durant,Union Cave B2 F,Land Mons (Lv 23)
Deino,5,Sim,Deino,Tohjo Falls Cavern,Land Mons (Lv 30) [Day]
Larvesta,5,Sim,Larvesta,Route 47,Hidden Grotto (Lv 40)
Cobalion,5,Sim,Cobalion,Railway Cave 3 F,Legendary encounter (Lv 80)
Terrakion,5,Sim,Terrakion,Dark Cave North Side,Legendary encounter (Lv 80)
Virizion,5,Sim,Virizion,Route 50,Legendary encounter (Lv 80)
Tornadus,5,Sim,Tornadus,Battle Cafe,Gift (indirect/selectable)
Thundurus,5,Sim,Thundurus,Battle Cafe,Gift (indirect/selectable)
Reshiram,5,Nao,,,
Zekrom,5,Nao,,,
Landorus,5,Sim,Landorus,Battle Cafe,Gift (indirect/selectable)
Kyurem,5,Nao,,,
Keldeo,5,Nao,,,
Meloetta,5,Sim,Meloetta,Ecruteak City Theater,Legendary encounter (Lv 65)
Genesect,5,Sim,Genesect,Abandoned Rocket Hideout Backroom,Legendary encounter (Lv 70)
Chespin,6,Sim,Chespin,Goldenrod Gachapon (Master Gachapon),Gachapon
Fennekin,6,Sim,Fennekin,Goldenrod Gachapon (Master Gachapon),Gachapon
Froakie,6,Sim,Froakie,Route 45,Water Mons (Lv 5-24)
Bunnelby,6,Sim,Bunnelby,Route 29,Land Mons (Lv 2)
Fletchling,6,Sim,Fletchling,Ruins of Alph Outside,Land Mons (Lv 6-8)
Scatterbug,6,Sim,Scatterbug,National Park Normal,Land Mons (Lv 14-17)
Litleo,6,Sim,Litleo,Burned Tower 1 F,Land Mons (Lv 18-22)
Flabebe,6,Sim,Floette,Tohjo Pass,Land Mons (Lv 30-40)
Skiddo,6,Sim,Skiddo,Route 34,Land Mons (Lv 13-15)
Pancham,6,Sim,Pancham,Route 34,Land Mons (Lv 14-16)
Furfrou,6,Sim,Furfrou,Route 35,Land Mons (Lv 15-17)
Espurr,6,Sim,Espurr,Route 37,Land Mons (Lv 16-23)
Honedge,6,Sim,Honedge,Goldenrod Dept Store,In-game trade (requires Clefairy)
Spritzee,6,Sim,Spritzee,National Park Normal,Land Mons (Lv 14-15)
Swirlix,6,Sim,Swirlix,Route 36,Land Mons (Lv 7-8) [Night]
Inkay,6,Sim,Inkay,Mt. Silver Outside,Water Mons (Lv 34-40)
Binacle,6,Sim,Binacle,Route 40,Rock Smash Mons (Lv 20-25)
Skrelp,6,Sim,Skrelp,Whirl Islands 1 F,Fishing Mons (Lv 20)
Clauncher,6,Sim,Clauncher,Tohjo Falls Cavern,Water Mons (Lv 20-35) [Day]
Helioptile,6,Sim,Helioptile,Route 39,Land Mons (Lv 19-26)
Tyrunt,6,Sim,Tyrunt,Ruins of Alph Lab,Revived from Jaw Fossil; fossil found via Rock Smash in Ruins of Alph (Lv 20)
Amaura,6,Sim,Amaura,Ruins of Alph Lab,Revived from Sail Fossil; fossil found via Rock Smash in Ruins of Alph (Lv 20)
Hawlucha,6,Sim,Hawlucha,Union Cave B2 F,Land Mons (Lv 20-23)
Dedenne,6,Sim,Dedenne,Railway Cave,Land Mons (Lv 26-29)
Carbink,6,Sim,Carbink,Union Cave B2 F,Land Mons (Lv 20-23)
Goomy,6,Sim,Goomy,Route 34,One-time Odd Egg (1/7 chance) (Lv 1)
Klefki,6,Sim,Klefki,Kitakami Border,Land Mons (Lv 42-48)
Phantump,6,Sim,Phantump,Lost Woods,Land Mons (Lv 28-35)
Pumpkaboo,6,Sim,Pumpkaboo,Burned Tower B1 F,Land Mons (Lv 19-23)
Bergmite,6,Sim,Bergmite,Snowtop Mountain Outside,Land Mons (Lv 26-29)
Noibat,6,Sim,Noibat,Slowpoke Well B1 F,Land Mons (Lv 9-13)
Xerneas,6,Nao,,,
Yveltal,6,Nao,,,
Zygarde,6,Nao,,,
Diancie,6,Sim,Diancie,Battle Cafe,Gift (Lv 70)
Hoopa,6,Sim,Hoopa,Vajra Pyramid Final Chamber,Legendary encounter (Lv 80)
Volcanion,6,Nao,,,
Rowlet,7,Sim,Rowlet,Goldenrod Gachapon (Master Gachapon),Gachapon
Litten,7,Sim,Litten,Goldenrod Gachapon (Master Gachapon),Gachapon
Popplio,7,Sim,Popplio,Goldenrod Gachapon (Master Gachapon),Gachapon
Pikipek,7,Sim,Pikipek,Route 35,Land Mons (Lv 16-20)
Yungoos,7,Sim,Yungoos,Route 38,Land Mons (Lv 20-25)
Grubbin,7,Sim,Grubbin,Ilex Forest,Land Mons (Lv 12-15)
Crabrawler,7,Sim,Crabrawler,Route 40,Rock Smash Mons (Lv 20-25)
Oricorio,7,Sim,Oricorio,Route 47,Land Mons (Lv 33-50)
Cutiefly,7,Sim,Cutiefly,Route 32,Land Mons (Lv 7-12)
Rockruff,7,Sim,Rockruff,Route 33,Land Mons (Lv 11-14)
Wishiwashi,7,Sim,Wishiwashi,Route 41,Water Mons (Lv 20-30)
Mareanie,7,Sim,Mareanie,Route 33,Water Mons (Lv 30-35)
Mudbray,7,Sim,Mudbray,Union Cave 1 F,Land Mons (Lv 9-13)
Dewpider,7,Sim,Dewpider,Whirl Islands 1 F,Fishing Mons (Lv 20)
Fomantis,7,Sim,Fomantis,Route 37,Land Mons (Lv 18-21)
Morelull,7,Sim,Morelull,Route 48,Land Mons (Lv 30-34)
Salandit,7,Sim,Salandit,Burned Tower B1 F,Land Mons (Lv 18-22)
Stufful,7,Sim,Stufful,Route 39,Land Mons (Lv 21-24)
Bounsweet,7,Sim,Bounsweet,Kitakami Border,Land Mons (Lv 42-48)
Comfey,7,Sim,Comfey,Route 42,Land Mons (Lv 22-26)
Oranguru,7,Sim,Oranguru,Vajra Pyramid Floor 1,Land Mons (Lv 58-60)
Passimian,7,Sim,Passimian,Route 43,Land Mons (Lv 25-27)
Wimpod,7,Sim,Wimpod,Route 35,Water Mons (Lv 15-24)
Sandygast,7,Sim,Sandygast,Nameless Cave 1 F,Land Mons (Lv 58-69)
Pyukumuku,7,Sim,Pyukumuku,Route 40,Water Mons (Lv 21-25)
Type: Null,7,Nao,,,
Minior,7,Sim,Minior,Mt Mortar Depths 1,Land Mons (Lv 45-50)
Komala,7,Sim,Komala,Route 45,Land Mons (Lv 40-45)
Turtonator,7,Sim,Turtonator,Mt Mortar Depths 1,Land Mons (Lv 43-50)
Togedemaru,7,Sim,Togedemaru,Railway Cave,Land Mons (Lv 25-29)
Mimikyu,7,Sim,Mimikyu,Tin Tower 3 F,Land Mons (Lv 40-45)
Bruxish,7,Sim,Bruxish,Whirl Islands B1 F,Water Mons (Lv 33-40)
Drampa,7,Sim,Drampa,Mt Mortar 2 F,Land Mons (Lv 30-33)
Dhelmise,7,Sim,Dhelmise,Whirl Islands Descent,Land Mons (Lv 40-45)
Jangmo-o,7,Sim,Jangmo-o,Dragon's Den Cavern,Land Mons (Lv 42-45) [Day]
Tapu Koko,7,Sim,Tapu Koko,Battle Cafe,Gift (indirect/selectable)
Tapu Lele,7,Sim,Tapu Lele,Battle Cafe,Gift (indirect/selectable)
Tapu Bulu,7,Sim,Tapu Bulu,Battle Cafe,Gift (indirect/selectable)
Tapu Fini,7,Sim,Tapu Fini,Battle Cafe,Gift (indirect/selectable)
Cosmog,7,Nao,,,
Nihilego,7,Nao,,,
Buzzwole,7,Nao,,,
Pheromosa,7,Nao,,,
Xurkitree,7,Nao,,,
Celesteela,7,Nao,,,
Kartana,7,Nao,,,
Guzzlord,7,Nao,,,
Necrozma,7,Nao,,,
Magearna,7,Sim,Magearna,Goldenrod Apartment,Legendary encounter (Lv 75)
Marshadow,7,Sim,Marshadow,Sprout Tower Basement,Legendary encounter (Lv 50)
Poipole,7,Sim,Poipole,Route 40 Achievement reward (45 trophies),Gift (Lv 5)
Stakataka,7,Nao,,,
Blacephalon,7,Nao,,,
Zeraora,7,Sim,Zeraora,Battle Tower,Legendary encounter (Lv 80)
Meltan,7,Sim,Meltan,Rinto Village,In-game trade (requires Tinkaton)
Grookey,8,Sim,Grookey,Goldenrod Gachapon (Master Gachapon),Gachapon
Scorbunny,8,Sim,Scorbunny,Goldenrod Gachapon (Master Gachapon),Gachapon
Sobble,8,Sim,Sobble,Goldenrod Gachapon (Master Gachapon),Gachapon
Skwovet,8,Sim,Skwovet,Route 47,Land Mons (Lv 33-50)
Rookidee,8,Sim,Rookidee,Route 35,Hidden Grotto (Lv 18)
Blipbug,8,Sim,Blipbug,Route 30,Land Mons (Lv 3-5)
Nickit,8,Sim,Nickit,Route 48,Land Mons (Lv 30-34)
Gossifleur,8,Sim,Gossifleur,Route 31,Land Mons (Lv 5-6)
Wooloo,8,Sim,Wooloo,Route 49,Land Mons (Lv 24-26)
Chewtle,8,Sim,Chewtle,Whirl Islands Descent,Water Mons (Lv 33-41)
Yamper,8,Sim,Yamper,Railway Cave 2 F,Land Mons (Lv 26-29)
Rolycoly,8,Sim,Rolycoly,Union Cave B1 F,Land Mons (Lv 10-13)
Applin,8,Sim,Applin,Dragon's Den Cavern,Land Mons (Lv 42-45) [Day]
Silicobra,8,Sim,Silicobra,Slowpoke Well B2 F,Land Mons (Lv 10-14)
Cramorant,8,Sim,Cramorant,Route 34,Water Mons (Lv 20-24)
Arrokuda,8,Sim,Arrokuda,South Johto Sea,Water Mons (Lv 30-35)
Toxel,8,Sim,Toxel,Railway Cave 2 F,Land Mons (Lv 25-28)
Sizzlipede,8,Sim,Sizzlipede,Route 43,Land Mons (Lv 25-28)
Clobbopus,8,Sim,Clobbopus,Route 50,Land Mons (Lv 50-55)
Sinistea,8,Sim,Sinistea,Kitakami Border,Land Mons (Lv 42-48)
Hatenna,8,Sim,Hatenna,Sprout Tower 2 F,Land Mons (Lv 3-7)
Impidimp,8,Sim,Impidimp,Route 42,Land Mons (Lv 20-25)
Milcery,8,Sim,Milcery,Route 29,Land Mons (Lv 2-3)
Falinks,8,Sim,Falinks,Tin Tower 3 F,Land Mons (Lv 40-45)
Pincurchin,8,Sim,Pincurchin,Railway Cave 3 F,Land Mons (Lv 25-29)
Snom,8,Sim,Snom,Ice Path B2 F,Land Mons (Lv 31-40) [Night]
Stonjourner,8,Sim,Stonjourner,Union Cave B2 F,Land Mons (Lv 25)
Eiscue,8,Sim,Eiscue,Ice Path B4 F,Land Mons (Lv 34-41) [Night]
Indeedee,8,Sim,Indeedee,Lake of Rage,Land Mons (Lv 27-30)
Morpeko,8,Sim,Morpeko,Railway Cave,Land Mons (Lv 25-28)
Cufant,8,Sim,Cufant,Route 38,Land Mons (Lv 20-25)
Dracozolt,8,Sim,Dracozolt,Route 43,Land Mons (Lv 25-28)
Arctozolt,8,Sim,Arctozolt,Snowtop Mountain Outside,Land Mons (Lv 27-29)
Dracovish,8,Sim,Dracovish,Olivine City,Water Mons (Lv 22-26)
Arctovish,8,Sim,Arctovish,Cianwood City,Water Mons (Lv 21-25)
Duraludon,8,Sim,Duraludon,Victory Road B2 F,Land Mons (Lv 51-58)
Dreepy,8,Sim,Dreepy,Dragon's Den Cavern,Land Mons (Lv 42-45) [Day]
Zacian,8,Nao,,,
Zamazenta,8,Nao,,,
Eternatus,8,Nao,,,
Kubfu,8,Sim,Kubfu,Blackthorn Cave,Gift (Lv 5)
Zarude,8,Sim,Zarude,Route 40 Achievement reward (75 trophies),Gift (Lv 50)
Regieleki,8,Nao,,,
Regidrago,8,Nao,,,
Glastrier,8,Nao,,,
Spectrier,8,Nao,,,
Calyrex,8,Nao,,,
Enamorus,8,Sim,Enamorus,Battle Cafe,Gift (indirect/selectable)
Sprigatito,9,Sim,Sprigatito,Goldenrod Gachapon (Master Gachapon),Gachapon
Fuecoco,9,Sim,Fuecoco,Goldenrod Gachapon (Master Gachapon),Gachapon
Quaxly,9,Sim,Quaxly,Victory Road B1 F,Fishing Mons (Lv 5)
Lechonk,9,Sim,Lechonk,Route 46,Land Mons (Lv 2-3)
Tarountula,9,Sim,Tarountula,Ilex Forest,Land Mons (Lv 12-16)
Nymble,9,Sim,Nymble,National Park Normal,Land Mons (Lv 14-15)
Pawmi,9,Sim,Pawmi,Route 44,Land Mons (Lv 32-40)
Tandemaus,9,Sim,Tandemaus,Route 35,Land Mons (Lv 14-18)
Fidough,9,Sim,Fidough,Route 32,Land Mons (Lv 7-12)
Smoliv,9,Sim,Smoliv,Route 36,Land Mons (Lv 7-8) [Night]
Squawkabilly,9,Sim,Squawkabilly,Route 33,Land Mons (Lv 11-14)
Nacli,9,Sim,Nacli,Dark Cave South Side,Land Mons (Lv 3-6)
Charcadet,9,Sim,Charcadet,Burned Tower 1 F,Land Mons (Lv 19-22)
Tadbulb,9,Sim,Tadbulb,Railway Cave,Land Mons (Lv 25-28)
Wattrel,9,Sim,Wattrel,Route 36,Land Mons (Lv 6-8) [Day]
Maschiff,9,Sim,Maschiff,Route 34,Land Mons (Lv 14-16)
Shroodle,9,Sim,Shroodle,Route 35,Land Mons (Lv 15-17)
Bramblin,9,Sim,Bramblin,Sprout Tower 3 F,Land Mons (Lv 3-8)
Toedscool,9,Sim,Toedscool,Cliff Edge Cave,Land Mons (Lv 23-26)
Klawf,9,Sim,Klawf,Mt Mortar B1 F,Land Mons (Lv 22-28)
Capsakid,9,Sim,Scovillain,Route 27,Land Mons (Lv 45-55)
Rellor,9,Sim,Rellor,Route 37,Land Mons (Lv 18-21)
Flittle,9,Sim,Espathra,Kitakami Border,Land Mons (Lv 42-48)
Tinkatink,9,Sim,Tinkatink,Union Cave 1 F,Land Mons (Lv 9-13)
Wiglett,9,Sim,Wiglett,Route 50 Underwater,Water Mons (Lv 45-55)
Bombirdier,9,Sim,Bombirdier,Route 38,Land Mons (Lv 19-26)
Finizen,9,Sim,Finizen,Route 33,Water Mons (Lv 30-35)
Varoom,9,Sim,Varoom,Railway Cave 2 F,Land Mons (Lv 26-29)
Cyclizar,9,Sim,Cyclizar,Kitakami Border,Land Mons (Lv 42-48)
Orthworm,9,Sim,Orthworm,Railway Cave 3 F,Land Mons (Lv 25-28)
Glimmet,9,Sim,Glimmet,Mt Mortar B1 F,Land Mons (Lv 20-27)
Greavard,9,Sim,Greavard,Burned Tower B1 F,Land Mons (Lv 19-21)
Flamigo,9,Sim,Flamigo,Route 48,Land Mons (Lv 30-34)
Cetoddle,9,Sim,Cetoddle,Snowtop Mountain,Land Mons (Lv 27-30)
Veluza,9,Sim,Veluza,Route 40,Water Mons (Lv 21-25)
Dondozo,9,Sim,Dondozo,Whirl Islands B1 F,Water Mons (Lv 33-41)
Tatsugiri,9,Sim,Tatsugiri,Route 35,Fishing Mons (Lv 10)
Great Tusk,9,Sim,Great Tusk,Meteor Island,Land Mons (Lv 56-59)
Scream Tail,9,Sim,Scream Tail,Meteor Island,Land Mons (Lv 56-59)
Brute Bonnet,9,Sim,Brute Bonnet,Meteor Island,Land Mons (Lv 56-59)
Flutter Mane,9,Sim,Flutter Mane,Meteor Island,Legendary encounter (Lv 70)
Slither Wing,9,Sim,Slither Wing,Meteor Island,Land Mons (Lv 57-60)
Sandy Shocks,9,Sim,Sandy Shocks,Meteor Island,Land Mons (Lv 56-59)
Iron Treads,9,Sim,Iron Treads,Meteor Island,Land Mons (Lv 56-59)
Iron Bundle,9,Sim,Iron Bundle,Meteor Island,Land Mons (Lv 56-59)
Iron Hands,9,Sim,Iron Hands,Meteor Island,Land Mons (Lv 56-59)
Iron Jugulis,9,Sim,Iron Jugulis,Meteor Island,Land Mons (Lv 56-59)
Iron Moth,9,Sim,Iron Moth,Meteor Island,Land Mons (Lv 57-60)
Iron Thorns,9,Sim,Iron Thorns,Meteor Island,Land Mons (Lv 57-60)
Frigibax,9,Sim,Frigibax,Snowtop Mountain B1 F,Land Mons (Lv 27-31)
Gimmighoul,9,Sim,Gimmighoul,Cianwood House 3,Gift (Lv 30)
Wo-Chien,9,Nao,,,
Chien-Pao,9,Sim,Chien-Pao,Ice Path Depths 2,Legendary encounter (Lv 70)
Ting-Lu,9,Nao,,,
Chi-Yu,9,Nao,,,
Roaring Moon,9,Sim,Roaring Moon,Meteor Island,Land Mons (Lv 57-60)
Iron Valiant,9,Sim,Iron Valiant,Meteor Island,Legendary encounter (Lv 70)
Koraidon,9,Sim,Koraidon,Battle Cafe,Gift (indirect/selectable)
Miraidon,9,Sim,Miraidon,Battle Cafe,Gift (indirect/selectable)
Walking Wake,9,Sim,Walking Wake,Meteor Island,Legendary encounter (Lv 75)
Iron Leaves,9,Sim,Iron Leaves,Meteor Cave 2 Legendary Room,Legendary encounter (Lv 75)
Poltchageist,9,Sim,Poltchageist,Route 35,Hidden Grotto (Lv 18)
Sinistcha,9,Sim,Poltchageist,Route 35,Hidden Grotto (Lv 18)
Okidogi,9,Nao,,,
Munkidori,9,Nao,,,
Fezandipiti,9,Sim,Fezandipiti,Kitakami Well B1 F,Legendary encounter (Lv 55)
Ogerpon,9,Sim,Ogerpon,Kitakami Mountain Enclave,Legendary encounter (Lv 55)
Gouging Fire,9,Sim,Gouging Fire,Meteor Island,Legendary encounter (Lv 75)
Raging Bolt,9,Sim,Raging Bolt,Meteor Island,Legendary encounter (Lv 75)
Iron Boulder,9,Sim,Iron Boulder,Meteor Cave 2 Legendary Room,Legendary encounter (Lv 75)
Iron Crown,9,Sim,Iron Crown,Meteor Cave 2 Legendary Room,Legendary encounter (Lv 75)
Terapagos,9,Nao,,,
Pecharunt,9,Nao,,,
