Categoria,Familia_ou_sistema,Asset,Arquivo,Simbolo,Tamanho_na_ROM,Duplicado_com,Estado,Uso_real,Otimizacao_proposta,Economia_estimada,Risco,Validacao_necessaria
Cries,Pokemon (todas especies habilitadas),Total de amostras de grito (raw PCM),sound/direct_sound_samples/cries/*.bin,Cry_*,7920256,,NECESSARIO,Som de grito ao entrar em batalha/enviar Pokemon,Nenhuma direta (ver linha de hipotese de reaproveitamento por linha evolutiva),0,BAIXO,"MEDIDO (nm em Soulgold.elf); maior categoria isolada da ROM (24,2%)"
Follower/Overworld,Pokemon surfaveis (HGSS surf-follower),Sprites de Pokemon surfando (base+overlay 6 frames),graphics/object_events/pics/pokemon/surfable/*.4bpp,gSurfablePokemonPic_*/gSurfablePokemonShinyPic_*,2273280,,NECESSARIO,Exibido quando o seguidor ativo esta na lista fixa de ~136 especies e o jogador Surfa,"Decisao de escopo: reduzir lista curada de especies com arte de surf, se necessario",0,MEDIO,"MEDIDO; lista fixa em src/data/object_events/surfable/surfable_pokemon_graphics.h, independente do arquivo surfable_species_enabled.h (que e so wishlist futura, todo 0)"
Musica/SFX,Motor de audio,Amostras de instrumento (DirectSound waveforms),sound/direct_sound_samples/*,DirectSoundWaveData_*,1948636,,NECESSARIO,Timbres usados pelas trilhas MIDI (sound/songs),Nenhuma - build ja informou 210 faixas nao usadas removidas automaticamente,0,BAIXO,MEDIDO (nm em Soulgold.elf); ver 'Song configuration: 210 unused tracks disabled' no log de build
Mapas/Tileset,Tilesets de mapa,"Graficos de tileset (paredes, chao, decoracao)",graphics/*/tileset*,"gMetatiles_*, *Tileset*",1943888,,NECESSARIO,Renderizacao de todos os mapas do mundo,Nenhuma sem revisar mapas individualmente,0,BAIXO,MEDIDO (nm em Soulgold.elf)
Follower/Overworld,Pokemon (todas especies habilitadas),Sprite overworld/seguidor comprimido (OW_GFX_COMPRESS),graphics/pokemon/*/overworld*.4bpp.smol,gObjectEventPic_*,1677488,,NECESSARIO,Sprite do Pokemon seguidor no mapa,Nenhuma - ja comprimido; ver linha OW_GFX_COMPRESS abaixo,0,BAIXO,MEDIDO (nm em Soulgold.elf)
Icones,Pokemon (todas especies habilitadas),Icone de selecao/PC/resumo,graphics/pokemon/*/icon*.4bpp,gMonIcon_*,1429504,,NECESSARIO,"Exibido no menu, PC, resumo",Nenhuma,0,BAIXO,MEDIDO (nm em Soulgold.elf)
Front sprite,Pokemon (todas especies habilitadas),Sprite frontal de batalha (2 frames de animacao),graphics/pokemon/*/anim_front*.4bpp.smol,gMonFrontPic_*,1551588,,NECESSARIO,Sprite do Pokemon inimigo/aliado em batalha,Ver linha SEGUNDO_FRAME abaixo para o custo isolado da animacao,0,BAIXO,MEDIDO (nm em Soulgold.elf)
Mapas,Layout/headers de mapa,Blockdata de layout + headers + eventos,data/maps/*/map.json (compilado),"*_Layout_Blockdata, gMapHeader*",1305900,,NECESSARIO,Define geometria/colisao de cada mapa do mundo,Nenhuma sem cortar mapas inteiros,0,BAIXO,MEDIDO (nm em Soulgold.elf)
Back sprite,Pokemon (todas especies habilitadas),"Sprite traseiro de batalha (1 frame, estatico)",graphics/pokemon/*/back*.4bpp.smol,gMonBackPic_*,883780,,NECESSARIO,Sprite do Pokemon do jogador em batalha,Nenhuma,0,BAIXO,MEDIDO (nm em Soulgold.elf)
Codigo e tabelas,Dados de especie,Tabela monolitica gSpeciesInfo (stats/tipos/aprendizado/etc de todas as 1577 entradas),src/data/pokemon/species_info/*.h,gSpeciesInfo,442120,,NECESSARIO,Fonte de dados de toda especie/forma compilada,"Nenhuma - remover so ocorre desabilitando P_FAMILY_*, o que tambem libera os assets associados",0,BAIXO,"MEDIDO (nm em Soulgold.elf); unico simbolo, engloba TODAS as especies/formas habilitadas"
Codigo e tabelas,Motor do jogo,"Codigo executavel (.text) nao relacionado a Pokemon/graficos (IA, battle engine, scripts, UI)",src/*.c,(11099 simbolos T),2792069,,NECESSARIO,Logica do jogo,Fora do escopo desta auditoria de assets; revisão de codigo morto exigiria analise separada de cobertura,0,BAIXO,"MEDIDO (nm em Soulgold.elf); agregagado de 11099 funcoes, nenhuma investigada individualmente"
Diversos,UI/minigames/paletas de caixa/trade/cassino/conquistas/etc,Cauda longa de dados pequenos nao classificados por categoria de Pokemon,"graphics/*, src/data/*","(72362 simbolos, media ~70B)",5066883,,REQUER_INVESTIGACAO,"Diversas telas de UI, minigames (cassino, derby, roleta, quebra-cabeca de fossil), papeis de parede de PC, animacoes de troca/hall da fama, sequencias de musica (mus_*)","Nenhuma proposta sem triagem individual - volume grande (15,5% da ROM) mas pulverizado em ~72 mil simbolos pequenos",0,MEDIO,"MEDIDO no agregado; NAO investigado item a item por volume - recomenda-se auditoria dedicada futura, especialmente cassino/derby/roleta/pinball se essas minigames nao estiverem acessiveis"
Fontes,Sistema de texto,Glyphs de fonte (varias variantes de largura),graphics/fonts/*,gFont*Glyphs,373760,,NECESSARIO,Renderizacao de texto em todos os idiomas suportados,Nenhuma sem remover suporte a idioma/variante de fonte,0,BAIXO,MEDIDO (nm em Soulgold.elf)
Battle Frontier,Trainer Hill / Frontier,Slides de trainer (efeito de entrada em batalha),graphics/battle_frontier/*,"sTrainerSlides, sFrontierTrainerSlides",342567,,REQUER_INVESTIGACAO,Efeito visual ao enfrentar treinadores no Battle Frontier,Confirmar alcancabilidade do Frontier antes de decidir,0,MEDIO,"MEDIDO o tamanho; alcancabilidade PROVAVEL - 47 pastas de mapa 'Frontier' e 53 conexoes de mapa referenciando MAP_BATTLE_FRONTIER* encontradas, mas nao foi percorrido o caminho de scripts do inicio ao fim"
Animacao de batalha,Movimentos,Scripts/dados de animacao de golpes,src/data/battle_anim*,"sBattleAnim*, gBattleAnimSpriteSheet* etc.",321640,,NECESSARIO,Efeito visual de cada golpe em batalha,Nenhuma,0,BAIXO,MEDIDO (nm em Soulgold.elf)
Feature removivel,Conectividade GBA-GameCube,Payload Multiboot: bonus disc Pokemon Colosseum (Eevee/Pichu via cabo link real),include/multiboot_pokemon_colosseum.h,gMultiBootProgram_PokemonColosseum_Start,163840,,FEATURE_REMOVIVEL,Rodrigo incondicional em src/intro.c (tela de copyright) verificando handshake GBA-GameCube real a cada boot; sem flag de config para desligar,"Remover exige mudanca de CODIGO em src/intro.c (nao e so tirar um arquivo), pois a chamada a GameCubeMultiBoot_Init/Main/ExecuteProgram e incondicional",163840,MEDIO,"MEDIDO (symbol=163840B); decisao de produto - feature de hardware real (GBA+GameCube+cabo link) quase certamente irrelevante para um romhack voltado a emulador/flashcart; risco funcional baixo (ninguem tem esse setup), risco de fidelidade 'a decomp original' existe"
Feature removivel,Conectividade GBA-GameCube,Payload Multiboot: E-Reader,include/*,gMultiBootProgram_EReader_Start,12512,,FEATURE_REMOVIVEL,Mesmo mecanismo do item acima (e-Reader dot-codes via GBA-GC),Mesma mudanca de codigo do item acima,12512,MEDIO,MEDIDO; agrupar com a remocao do Multiboot Colosseum
Feature removivel,Conectividade GBA-GameCube,Payload Multiboot: correcao de bug de Berry (hardware real RS),include/*,gMultiBootProgram_BerryGlitchFix_Start,15348,,FEATURE_REMOVIVEL,"Mesmo mecanismo, corrige um bug de hardware real do Ruby/Sapphire original, irrelevante aqui",Mesma mudanca de codigo do item acima,15348,MEDIO,MEDIDO; agrupar com a remocao do Multiboot Colosseum
Feature removivel,Mystery Gift / Mystery Event / Wonder Card,Dados e graficos residuais de Mystery Gift,"src/data/*, include/config/save.h","*MysteryGift*, *MysteryEvent*, *WonderCard*",24800,,FEATURE_REMOVIVEL,RAM ja foi liberada via FREE_MYSTERY_EVENT_BUFFERS=TRUE e FREE_MYSTERY_GIFT=TRUE (economia de EWRAM ja aplicada); resta apenas o codigo/dados de ROM,"Avaliar se ha algum caminho de distribuicao de Mystery Gift real no hack (cabo link/senha); se nao houver, remover chamadas e tabelas associadas",24800,MEDIO,"MEDIDO; ver tambem 'FREE_BATTLE_TOWER_E_READER=TRUE' no mesmo arquivo, que ja libera RAM de dados de E-Reader do Battle Tower"
Feature removivel,Union Room,Graficos/dados residuais de Union Room,src/union_room*.c,*UnionRoom*,20505,,REQUER_INVESTIGACAO,"OW_UNION_DISABLE_CHECK=TRUE ja remove APENAS a checagem de notificacao na Pokemon Center (otimizacao de tempo de carregamento, nao remove a feature)","Confirmar se Union Room (troca/batalha local por cabo) e uma feature que o hack pretende manter; se nao, remover chamadas e liberar o codigo/dados",20505,MEDIO,"MEDIDO; a flag existente e so um atalho de performance, nao desliga a feature"
Contest,Concursos de beleza,"Dados e graficos de Contest (categorias, efeitos, cenario)","src/data/contest*, graphics/*",*Contest*,126562,,REQUER_INVESTIGACAO,"include/config/contest.h so define atualizacoes de categoria/efeito (C_UPDATED_MOVE_*), nao contem flag para desligar a feature inteira","Confirmar se ha Contest Hall acessivel nos mapas do hack; se a feature nunca foi conectada ao mundo, e uma forte candidata a remocao de codigo+dados",126562,MEDIO,MEDIDO o tamanho; alcancabilidade NAO CONFIRMADA - requer grep dedicado por mapas de 'Contest Hall' e scripts que iniciem o modo Contest
Item gfx,Itens,Icones e paletas de item,graphics/items/*,gItemIcon*,124190,,NECESSARIO,Exibido no inventario/mapa/loja,0,0,BAIXO,MEDIDO (nm em Soulgold.elf)
Texto,Strings,Tabelas de texto diversas,src/data/text/*,"gText_*, sText_*",109255,,NECESSARIO,"Dialogos, menus, descricoes",0,0,BAIXO,MEDIDO (nm em Soulgold.elf)
Berries,Sistema de berries,Graficos de berry (plantada/crescendo/colhida),graphics/berries/*,*Berry*,94993,,NECESSARIO,Minijogo de plantar berries,0,0,BAIXO,MEDIDO (nm em Soulgold.elf)
Clima,Efeitos de clima overworld,"Paletas e sprites de clima (chuva, neblina, etc)",graphics/weather/*,*Weather*,85145,,NECESSARIO,Efeito visual de clima no overworld,0,0,BAIXO,MEDIDO (nm em Soulgold.elf)
Icones,Paletas de icone,Paleta normal/shiny de todos os icones,graphics/pokemon/*/icon_*.gbapal,"gMonIconPalette_*, gMonShinyIconPalette_*",81822,,NECESSARIO,Cor do icone no menu,0,0,BAIXO,MEDIDO (nm em Soulgold.elf)
Follower/Overworld,Paletas,Paleta normal/shiny do sprite seguidor,graphics/pokemon/*/overworld_*.gbapal,"gOverworldPalette_*, gShinyOverworldPalette_*",77228,,NECESSARIO,Cor do seguidor no mapa,0,0,BAIXO,MEDIDO (nm em Soulgold.elf)
Mapas/Tileset,Animacao de tileset,"Frames de animacao de tile (agua, bandeiras, etc)",graphics/*/tileset_anims/*,*TilesetAnim*,76032,,NECESSARIO,Animacoes ambientais dos mapas,0,0,BAIXO,MEDIDO (nm em Soulgold.elf)
Codigo e tabelas,Dados de golpe,Tabela monolitica gMovesInfo,src/data/moves_info.h,gMovesInfo,67392,,NECESSARIO,Dados de todos os golpes do jogo,0,0,BAIXO,MEDIDO (nm em Soulgold.elf)
Pokedex,UI da Pokedex,Graficos de tela da Pokedex,graphics/pokedex/*,*Pokedex*,49875,,NECESSARIO,Tela da Pokedex,0,0,BAIXO,MEDIDO (nm em Soulgold.elf)
Field effects,Efeitos de campo,"Sprites de efeitos (poeira, corte de arvore, etc)",graphics/field_effects/*,*FieldEffect*,48751,,NECESSARIO,Feedback visual de HMs/interacoes,0,0,BAIXO,MEDIDO (nm em Soulgold.elf)
Paletas,Pokemon (normal),Paleta normal de batalha,graphics/pokemon/*/normal.gbapal,gMonPalette_*,45730,,NECESSARIO,Cor do sprite de batalha,0,0,BAIXO,MEDIDO (nm em Soulgold.elf)
Paletas,Pokemon (shiny),Paleta shiny de batalha,graphics/pokemon/*/shiny.gbapal,gMonShinyPalette_*,43750,,NECESSARIO,Cor do sprite shiny,0,0,BAIXO,MEDIDO (nm em Soulgold.elf)
Codigo e tabelas,Dados de item,Tabela monolitica gItemsInfo,src/data/items_info.h,gItemsInfo,40920,,NECESSARIO,Dados de todos os itens do jogo,0,0,BAIXO,MEDIDO (nm em Soulgold.elf)
Feature removivel,Decoracao Battle Frontier/Union,Icones/mini-dados de Mystery Gift adicionais,varios,*,25338,,NECESSARIO,Metadados de tabela de cry (nao confundir com as amostras em si),0,0,BAIXO,MEDIDO (nm em Soulgold.elf)
Debug,Menus de debug,Codigo residual de debug em build release,src/*,(14 simbolos T pequenos contendo 'Debug'),2400,,POSSIVELMENTE_NAO_USADO,"DISABLED_ON_RELEASE ja desliga o GATILHO dos menus; sobra pouquissimo codigo (2,4KB) provavelmente helpers compartilhados","Nao vale o esforco - 0,007% da ROM",0,BAIXO,"MEDIDO (nm em Soulgold.elf); confirma que a estrategia DISABLED_ON_RELEASE funciona bem, quase nada sobra"
Front sprite - segundo frame,Pokemon (todas especies com anim_front),Frame 2 de animacao (idle bounce) embutido em todo anim_front.4bpp,"graphics/pokemon/*/anim_front.4bpp (4096B = 2x2048B por frame, 100% dos 933+384 arquivos verificados)",gMonFrontPic_* (parte comprimida do simbolo),676000,,SEGUNDO_FRAME,Anima suavemente o sprite de batalha (efeito de respiracao) - CONFIRMADO: todo anim_front.4bpp tem exatamente 4096 bytes (2 frames de 2048B) em 100% de uma amostra de 933 arquivos verificados,"Remover o 2o frame de animacao eliminaria a maior parte desse custo, mas exige: (1) mudanca de codigo na engine de animacao de sprite de batalha, (2) reprocessar todo o pipeline de arte (anim_front vira front simples), (3) validar visualmente as ~950 especies. NAO e uma troca de ponteiro simples.",676000,ALTO,"CALCULADO (amostra/extrapolacao, ver metodologia no resumo): comprimiu-se com a ferramenta real do projeto (tools/compresSmol) apenas o 1o frame de 41 especies-amostra (front pics do menor ao maior) e comparou-se ao .smol atual (2 frames); o 2o frame correspondeu a 43,6% do peso comprimido da amostra (21572 de 49424 bytes). Extrapolado para o total medido da categoria Front sprite (1.551.588B): 1.551.588 x 0,436 = 676.492B. Margem de erro esperada: a compressao explora redundancia entre os 2 frames, entao o numero real pode variar +-15%"
Especie inatingivel,Lendarios/miticos habilitados sem fonte no jogo,Todos os assets compilados de Deoxys (4 formas) (front/back/paletas/icone/cry/follower),src/data/pokemon/species_info/gen_*_families.h; graphics/pokemon/*,"gMonFrontPic_*, gMonBackPic_*, gMonPalette_*, gMonIcon_*, Cry_* (prefixo Deoxys)",26312,,POSSIVELMENTE_NAO_USADO,"P_FAMILY_* = TRUE (especie compilada e presente na Pokedex configurada), mas SEM nenhum encontro/script/presente/evolucao que a entregue ao jogador nesta build - confirmado por docs/POKEMON_AVAILABILITY_AUDIT.md (mesma commit 692c07c), secao de 24 slots de Pokedex sem fonte","Decisao de design, nao bug tecnico: (a) implementar uma rota de obtencao (eventos/presentes/scripts), ou (b) desabilitar P_FAMILY_* para recuperar o espaco integralmente",26312,MEDIO,"MEDIDO (nm em Soulgold.elf) (nm, prefixo do nome); cruzado com docs/POKEMON_AVAILABILITY_AUDIT.md e docs/POKEMON_AVAILABILITY_SPECIES.csv (colunas Habilitada=Sim, Obtivel=Nao) gerados na mesma commit"
Especie inatingivel,Lendarios/miticos habilitados sem fonte no jogo,Todos os assets compilados de Reshiram (front/back/paletas/icone/cry/follower),src/data/pokemon/species_info/gen_*_families.h; graphics/pokemon/*,"gMonFrontPic_*, gMonBackPic_*, gMonPalette_*, gMonIcon_*, Cry_* (prefixo Reshiram)",19684,,POSSIVELMENTE_NAO_USADO,"P_FAMILY_* = TRUE (especie compilada e presente na Pokedex configurada), mas SEM nenhum encontro/script/presente/evolucao que a entregue ao jogador nesta build - confirmado por docs/POKEMON_AVAILABILITY_AUDIT.md (mesma commit 692c07c), secao de 24 slots de Pokedex sem fonte","Decisao de design, nao bug tecnico: (a) implementar uma rota de obtencao (eventos/presentes/scripts), ou (b) desabilitar P_FAMILY_* para recuperar o espaco integralmente",19684,MEDIO,"MEDIDO (nm em Soulgold.elf) (nm, prefixo do nome); cruzado com docs/POKEMON_AVAILABILITY_AUDIT.md e docs/POKEMON_AVAILABILITY_SPECIES.csv (colunas Habilitada=Sim, Obtivel=Nao) gerados na mesma commit"
Especie inatingivel,Lendarios/miticos habilitados sem fonte no jogo,Todos os assets compilados de Zekrom (front/back/paletas/icone/cry/follower),src/data/pokemon/species_info/gen_*_families.h; graphics/pokemon/*,"gMonFrontPic_*, gMonBackPic_*, gMonPalette_*, gMonIcon_*, Cry_* (prefixo Zekrom)",22210,,POSSIVELMENTE_NAO_USADO,"P_FAMILY_* = TRUE (especie compilada e presente na Pokedex configurada), mas SEM nenhum encontro/script/presente/evolucao que a entregue ao jogador nesta build - confirmado por docs/POKEMON_AVAILABILITY_AUDIT.md (mesma commit 692c07c), secao de 24 slots de Pokedex sem fonte","Decisao de design, nao bug tecnico: (a) implementar uma rota de obtencao (eventos/presentes/scripts), ou (b) desabilitar P_FAMILY_* para recuperar o espaco integralmente",22210,MEDIO,"MEDIDO (nm em Soulgold.elf) (nm, prefixo do nome); cruzado com docs/POKEMON_AVAILABILITY_AUDIT.md e docs/POKEMON_AVAILABILITY_SPECIES.csv (colunas Habilitada=Sim, Obtivel=Nao) gerados na mesma commit"
Especie inatingivel,Lendarios/miticos habilitados sem fonte no jogo,Todos os assets compilados de Kyurem (+White/Black) (front/back/paletas/icone/cry/follower),src/data/pokemon/species_info/gen_*_families.h; graphics/pokemon/*,"gMonFrontPic_*, gMonBackPic_*, gMonPalette_*, gMonIcon_*, Cry_* (prefixo Kyurem)",51414,,POSSIVELMENTE_NAO_USADO,"P_FAMILY_* = TRUE (especie compilada e presente na Pokedex configurada), mas SEM nenhum encontro/script/presente/evolucao que a entregue ao jogador nesta build - confirmado por docs/POKEMON_AVAILABILITY_AUDIT.md (mesma commit 692c07c), secao de 24 slots de Pokedex sem fonte","Decisao de design, nao bug tecnico: (a) implementar uma rota de obtencao (eventos/presentes/scripts), ou (b) desabilitar P_FAMILY_* para recuperar o espaco integralmente",51414,MEDIO,"MEDIDO (nm em Soulgold.elf) (nm, prefixo do nome); cruzado com docs/POKEMON_AVAILABILITY_AUDIT.md e docs/POKEMON_AVAILABILITY_SPECIES.csv (colunas Habilitada=Sim, Obtivel=Nao) gerados na mesma commit"
Especie inatingivel,Lendarios/miticos habilitados sem fonte no jogo,Todos os assets compilados de Keldeo (2 formas) (front/back/paletas/icone/cry/follower),src/data/pokemon/species_info/gen_*_families.h; graphics/pokemon/*,"gMonFrontPic_*, gMonBackPic_*, gMonPalette_*, gMonIcon_*, Cry_* (prefixo Keldeo)",14132,,POSSIVELMENTE_NAO_USADO,"P_FAMILY_* = TRUE (especie compilada e presente na Pokedex configurada), mas SEM nenhum encontro/script/presente/evolucao que a entregue ao jogador nesta build - confirmado por docs/POKEMON_AVAILABILITY_AUDIT.md (mesma commit 692c07c), secao de 24 slots de Pokedex sem fonte","Decisao de design, nao bug tecnico: (a) implementar uma rota de obtencao (eventos/presentes/scripts), ou (b) desabilitar P_FAMILY_* para recuperar o espaco integralmente",14132,MEDIO,"MEDIDO (nm em Soulgold.elf) (nm, prefixo do nome); cruzado com docs/POKEMON_AVAILABILITY_AUDIT.md e docs/POKEMON_AVAILABILITY_SPECIES.csv (colunas Habilitada=Sim, Obtivel=Nao) gerados na mesma commit"
Especie inatingivel,Lendarios/miticos habilitados sem fonte no jogo,Todos os assets compilados de Xerneas (2 formas) (front/back/paletas/icone/cry/follower),src/data/pokemon/species_info/gen_*_families.h; graphics/pokemon/*,"gMonFrontPic_*, gMonBackPic_*, gMonPalette_*, gMonIcon_*, Cry_* (prefixo Xerneas)",22269,,POSSIVELMENTE_NAO_USADO,"P_FAMILY_* = TRUE (especie compilada e presente na Pokedex configurada), mas SEM nenhum encontro/script/presente/evolucao que a entregue ao jogador nesta build - confirmado por docs/POKEMON_AVAILABILITY_AUDIT.md (mesma commit 692c07c), secao de 24 slots de Pokedex sem fonte","Decisao de design, nao bug tecnico: (a) implementar uma rota de obtencao (eventos/presentes/scripts), ou (b) desabilitar P_FAMILY_* para recuperar o espaco integralmente",22269,MEDIO,"MEDIDO (nm em Soulgold.elf) (nm, prefixo do nome); cruzado com docs/POKEMON_AVAILABILITY_AUDIT.md e docs/POKEMON_AVAILABILITY_SPECIES.csv (colunas Habilitada=Sim, Obtivel=Nao) gerados na mesma commit"
Especie inatingivel,Lendarios/miticos habilitados sem fonte no jogo,Todos os assets compilados de Yveltal (front/back/paletas/icone/cry/follower),src/data/pokemon/species_info/gen_*_families.h; graphics/pokemon/*,"gMonFrontPic_*, gMonBackPic_*, gMonPalette_*, gMonIcon_*, Cry_* (prefixo Yveltal)",19812,,POSSIVELMENTE_NAO_USADO,"P_FAMILY_* = TRUE (especie compilada e presente na Pokedex configurada), mas SEM nenhum encontro/script/presente/evolucao que a entregue ao jogador nesta build - confirmado por docs/POKEMON_AVAILABILITY_AUDIT.md (mesma commit 692c07c), secao de 24 slots de Pokedex sem fonte","Decisao de design, nao bug tecnico: (a) implementar uma rota de obtencao (eventos/presentes/scripts), ou (b) desabilitar P_FAMILY_* para recuperar o espaco integralmente",19812,MEDIO,"MEDIDO (nm em Soulgold.elf) (nm, prefixo do nome); cruzado com docs/POKEMON_AVAILABILITY_AUDIT.md e docs/POKEMON_AVAILABILITY_SPECIES.csv (colunas Habilitada=Sim, Obtivel=Nao) gerados na mesma commit"
Especie inatingivel,Lendarios/miticos habilitados sem fonte no jogo,Todos os assets compilados de Zygarde (varias formas) (front/back/paletas/icone/cry/follower),src/data/pokemon/species_info/gen_*_families.h; graphics/pokemon/*,"gMonFrontPic_*, gMonBackPic_*, gMonPalette_*, gMonIcon_*, Cry_* (prefixo Zygarde)",57042,,POSSIVELMENTE_NAO_USADO,"P_FAMILY_* = TRUE (especie compilada e presente na Pokedex configurada), mas SEM nenhum encontro/script/presente/evolucao que a entregue ao jogador nesta build - confirmado por docs/POKEMON_AVAILABILITY_AUDIT.md (mesma commit 692c07c), secao de 24 slots de Pokedex sem fonte","Decisao de design, nao bug tecnico: (a) implementar uma rota de obtencao (eventos/presentes/scripts), ou (b) desabilitar P_FAMILY_* para recuperar o espaco integralmente",57042,MEDIO,"MEDIDO (nm em Soulgold.elf) (nm, prefixo do nome); cruzado com docs/POKEMON_AVAILABILITY_AUDIT.md e docs/POKEMON_AVAILABILITY_SPECIES.csv (colunas Habilitada=Sim, Obtivel=Nao) gerados na mesma commit"
Especie inatingivel,Lendarios/miticos habilitados sem fonte no jogo,Todos os assets compilados de Volcanion (front/back/paletas/icone/cry/follower),src/data/pokemon/species_info/gen_*_families.h; graphics/pokemon/*,"gMonFrontPic_*, gMonBackPic_*, gMonPalette_*, gMonIcon_*, Cry_* (prefixo Volcanion)",16908,,POSSIVELMENTE_NAO_USADO,"P_FAMILY_* = TRUE (especie compilada e presente na Pokedex configurada), mas SEM nenhum encontro/script/presente/evolucao que a entregue ao jogador nesta build - confirmado por docs/POKEMON_AVAILABILITY_AUDIT.md (mesma commit 692c07c), secao de 24 slots de Pokedex sem fonte","Decisao de design, nao bug tecnico: (a) implementar uma rota de obtencao (eventos/presentes/scripts), ou (b) desabilitar P_FAMILY_* para recuperar o espaco integralmente",16908,MEDIO,"MEDIDO (nm em Soulgold.elf) (nm, prefixo do nome); cruzado com docs/POKEMON_AVAILABILITY_AUDIT.md e docs/POKEMON_AVAILABILITY_SPECIES.csv (colunas Habilitada=Sim, Obtivel=Nao) gerados na mesma commit"
Especie inatingivel,Lendarios/miticos habilitados sem fonte no jogo,Todos os assets compilados de Cosmog (front/back/paletas/icone/cry/follower),src/data/pokemon/species_info/gen_*_families.h; graphics/pokemon/*,"gMonFrontPic_*, gMonBackPic_*, gMonPalette_*, gMonIcon_*, Cry_* (prefixo Cosmog)",11466,,POSSIVELMENTE_NAO_USADO,"P_FAMILY_* = TRUE (especie compilada e presente na Pokedex configurada), mas SEM nenhum encontro/script/presente/evolucao que a entregue ao jogador nesta build - confirmado por docs/POKEMON_AVAILABILITY_AUDIT.md (mesma commit 692c07c), secao de 24 slots de Pokedex sem fonte","Decisao de design, nao bug tecnico: (a) implementar uma rota de obtencao (eventos/presentes/scripts), ou (b) desabilitar P_FAMILY_* para recuperar o espaco integralmente",11466,MEDIO,"MEDIDO (nm em Soulgold.elf) (nm, prefixo do nome); cruzado com docs/POKEMON_AVAILABILITY_AUDIT.md e docs/POKEMON_AVAILABILITY_SPECIES.csv (colunas Habilitada=Sim, Obtivel=Nao) gerados na mesma commit"
Especie inatingivel,Lendarios/miticos habilitados sem fonte no jogo,Todos os assets compilados de Cosmoem (front/back/paletas/icone/cry/follower),src/data/pokemon/species_info/gen_*_families.h; graphics/pokemon/*,"gMonFrontPic_*, gMonBackPic_*, gMonPalette_*, gMonIcon_*, Cry_* (prefixo Cosmoem)",16176,,POSSIVELMENTE_NAO_USADO,"P_FAMILY_* = TRUE (especie compilada e presente na Pokedex configurada), mas SEM nenhum encontro/script/presente/evolucao que a entregue ao jogador nesta build - confirmado por docs/POKEMON_AVAILABILITY_AUDIT.md (mesma commit 692c07c), secao de 24 slots de Pokedex sem fonte","Decisao de design, nao bug tecnico: (a) implementar uma rota de obtencao (eventos/presentes/scripts), ou (b) desabilitar P_FAMILY_* para recuperar o espaco integralmente",16176,MEDIO,"MEDIDO (nm em Soulgold.elf) (nm, prefixo do nome); cruzado com docs/POKEMON_AVAILABILITY_AUDIT.md e docs/POKEMON_AVAILABILITY_SPECIES.csv (colunas Habilitada=Sim, Obtivel=Nao) gerados na mesma commit"
Especie inatingivel,Lendarios/miticos habilitados sem fonte no jogo,Todos os assets compilados de Solgaleo (front/back/paletas/icone/cry/follower),src/data/pokemon/species_info/gen_*_families.h; graphics/pokemon/*,"gMonFrontPic_*, gMonBackPic_*, gMonPalette_*, gMonIcon_*, Cry_* (prefixo Solgaleo)",19254,,POSSIVELMENTE_NAO_USADO,"P_FAMILY_* = TRUE (especie compilada e presente na Pokedex configurada), mas SEM nenhum encontro/script/presente/evolucao que a entregue ao jogador nesta build - confirmado por docs/POKEMON_AVAILABILITY_AUDIT.md (mesma commit 692c07c), secao de 24 slots de Pokedex sem fonte","Decisao de design, nao bug tecnico: (a) implementar uma rota de obtencao (eventos/presentes/scripts), ou (b) desabilitar P_FAMILY_* para recuperar o espaco integralmente",19254,MEDIO,"MEDIDO (nm em Soulgold.elf) (nm, prefixo do nome); cruzado com docs/POKEMON_AVAILABILITY_AUDIT.md e docs/POKEMON_AVAILABILITY_SPECIES.csv (colunas Habilitada=Sim, Obtivel=Nao) gerados na mesma commit"
Especie inatingivel,Lendarios/miticos habilitados sem fonte no jogo,Todos os assets compilados de Lunala (front/back/paletas/icone/cry/follower),src/data/pokemon/species_info/gen_*_families.h; graphics/pokemon/*,"gMonFrontPic_*, gMonBackPic_*, gMonPalette_*, gMonIcon_*, Cry_* (prefixo Lunala)",17668,,POSSIVELMENTE_NAO_USADO,"P_FAMILY_* = TRUE (especie compilada e presente na Pokedex configurada), mas SEM nenhum encontro/script/presente/evolucao que a entregue ao jogador nesta build - confirmado por docs/POKEMON_AVAILABILITY_AUDIT.md (mesma commit 692c07c), secao de 24 slots de Pokedex sem fonte","Decisao de design, nao bug tecnico: (a) implementar uma rota de obtencao (eventos/presentes/scripts), ou (b) desabilitar P_FAMILY_* para recuperar o espaco integralmente",17668,MEDIO,"MEDIDO (nm em Soulgold.elf) (nm, prefixo do nome); cruzado com docs/POKEMON_AVAILABILITY_AUDIT.md e docs/POKEMON_AVAILABILITY_SPECIES.csv (colunas Habilitada=Sim, Obtivel=Nao) gerados na mesma commit"
Especie inatingivel,Lendarios/miticos habilitados sem fonte no jogo,Todos os assets compilados de Necrozma (+Ultra/Dawn Wings/Dusk Mane) (front/back/paletas/icone/cry/follower),src/data/pokemon/species_info/gen_*_families.h; graphics/pokemon/*,"gMonFrontPic_*, gMonBackPic_*, gMonPalette_*, gMonIcon_*, Cry_* (prefixo Necrozma)",76156,,POSSIVELMENTE_NAO_USADO,"P_FAMILY_* = TRUE (especie compilada e presente na Pokedex configurada), mas SEM nenhum encontro/script/presente/evolucao que a entregue ao jogador nesta build - confirmado por docs/POKEMON_AVAILABILITY_AUDIT.md (mesma commit 692c07c), secao de 24 slots de Pokedex sem fonte","Decisao de design, nao bug tecnico: (a) implementar uma rota de obtencao (eventos/presentes/scripts), ou (b) desabilitar P_FAMILY_* para recuperar o espaco integralmente",76156,MEDIO,"MEDIDO (nm em Soulgold.elf) (nm, prefixo do nome); cruzado com docs/POKEMON_AVAILABILITY_AUDIT.md e docs/POKEMON_AVAILABILITY_SPECIES.csv (colunas Habilitada=Sim, Obtivel=Nao) gerados na mesma commit"
Especie inatingivel,Lendarios/miticos habilitados sem fonte no jogo,Todos os assets compilados de Zacian (2 formas) (front/back/paletas/icone/cry/follower),src/data/pokemon/species_info/gen_*_families.h; graphics/pokemon/*,"gMonFrontPic_*, gMonBackPic_*, gMonPalette_*, gMonIcon_*, Cry_* (prefixo Zacian)",44154,,POSSIVELMENTE_NAO_USADO,"P_FAMILY_* = TRUE (especie compilada e presente na Pokedex configurada), mas SEM nenhum encontro/script/presente/evolucao que a entregue ao jogador nesta build - confirmado por docs/POKEMON_AVAILABILITY_AUDIT.md (mesma commit 692c07c), secao de 24 slots de Pokedex sem fonte","Decisao de design, nao bug tecnico: (a) implementar uma rota de obtencao (eventos/presentes/scripts), ou (b) desabilitar P_FAMILY_* para recuperar o espaco integralmente",44154,MEDIO,"MEDIDO (nm em Soulgold.elf) (nm, prefixo do nome); cruzado com docs/POKEMON_AVAILABILITY_AUDIT.md e docs/POKEMON_AVAILABILITY_SPECIES.csv (colunas Habilitada=Sim, Obtivel=Nao) gerados na mesma commit"
Especie inatingivel,Lendarios/miticos habilitados sem fonte no jogo,Todos os assets compilados de Zamazenta (2 formas) (front/back/paletas/icone/cry/follower),src/data/pokemon/species_info/gen_*_families.h; graphics/pokemon/*,"gMonFrontPic_*, gMonBackPic_*, gMonPalette_*, gMonIcon_*, Cry_* (prefixo Zamazenta)",43070,,POSSIVELMENTE_NAO_USADO,"P_FAMILY_* = TRUE (especie compilada e presente na Pokedex configurada), mas SEM nenhum encontro/script/presente/evolucao que a entregue ao jogador nesta build - confirmado por docs/POKEMON_AVAILABILITY_AUDIT.md (mesma commit 692c07c), secao de 24 slots de Pokedex sem fonte","Decisao de design, nao bug tecnico: (a) implementar uma rota de obtencao (eventos/presentes/scripts), ou (b) desabilitar P_FAMILY_* para recuperar o espaco integralmente",43070,MEDIO,"MEDIDO (nm em Soulgold.elf) (nm, prefixo do nome); cruzado com docs/POKEMON_AVAILABILITY_AUDIT.md e docs/POKEMON_AVAILABILITY_SPECIES.csv (colunas Habilitada=Sim, Obtivel=Nao) gerados na mesma commit"
Especie inatingivel,Lendarios/miticos habilitados sem fonte no jogo,Todos os assets compilados de Eternatus (front/back/paletas/icone/cry/follower),src/data/pokemon/species_info/gen_*_families.h; graphics/pokemon/*,"gMonFrontPic_*, gMonBackPic_*, gMonPalette_*, gMonIcon_*, Cry_* (prefixo Eternatus)",50902,,POSSIVELMENTE_NAO_USADO,"P_FAMILY_* = TRUE (especie compilada e presente na Pokedex configurada), mas SEM nenhum encontro/script/presente/evolucao que a entregue ao jogador nesta build - confirmado por docs/POKEMON_AVAILABILITY_AUDIT.md (mesma commit 692c07c), secao de 24 slots de Pokedex sem fonte","Decisao de design, nao bug tecnico: (a) implementar uma rota de obtencao (eventos/presentes/scripts), ou (b) desabilitar P_FAMILY_* para recuperar o espaco integralmente",50902,MEDIO,"MEDIDO (nm em Soulgold.elf) (nm, prefixo do nome); cruzado com docs/POKEMON_AVAILABILITY_AUDIT.md e docs/POKEMON_AVAILABILITY_SPECIES.csv (colunas Habilitada=Sim, Obtivel=Nao) gerados na mesma commit"
Especie inatingivel,Lendarios/miticos habilitados sem fonte no jogo,Todos os assets compilados de Regieleki (front/back/paletas/icone/cry/follower),src/data/pokemon/species_info/gen_*_families.h; graphics/pokemon/*,"gMonFrontPic_*, gMonBackPic_*, gMonPalette_*, gMonIcon_*, Cry_* (prefixo Regieleki)",13468,,POSSIVELMENTE_NAO_USADO,"P_FAMILY_* = TRUE (especie compilada e presente na Pokedex configurada), mas SEM nenhum encontro/script/presente/evolucao que a entregue ao jogador nesta build - confirmado por docs/POKEMON_AVAILABILITY_AUDIT.md (mesma commit 692c07c), secao de 24 slots de Pokedex sem fonte","Decisao de design, nao bug tecnico: (a) implementar uma rota de obtencao (eventos/presentes/scripts), ou (b) desabilitar P_FAMILY_* para recuperar o espaco integralmente",13468,MEDIO,"MEDIDO (nm em Soulgold.elf) (nm, prefixo do nome); cruzado com docs/POKEMON_AVAILABILITY_AUDIT.md e docs/POKEMON_AVAILABILITY_SPECIES.csv (colunas Habilitada=Sim, Obtivel=Nao) gerados na mesma commit"
Especie inatingivel,Lendarios/miticos habilitados sem fonte no jogo,Todos os assets compilados de Regidrago (front/back/paletas/icone/cry/follower),src/data/pokemon/species_info/gen_*_families.h; graphics/pokemon/*,"gMonFrontPic_*, gMonBackPic_*, gMonPalette_*, gMonIcon_*, Cry_* (prefixo Regidrago)",14404,,POSSIVELMENTE_NAO_USADO,"P_FAMILY_* = TRUE (especie compilada e presente na Pokedex configurada), mas SEM nenhum encontro/script/presente/evolucao que a entregue ao jogador nesta build - confirmado por docs/POKEMON_AVAILABILITY_AUDIT.md (mesma commit 692c07c), secao de 24 slots de Pokedex sem fonte","Decisao de design, nao bug tecnico: (a) implementar uma rota de obtencao (eventos/presentes/scripts), ou (b) desabilitar P_FAMILY_* para recuperar o espaco integralmente",14404,MEDIO,"MEDIDO (nm em Soulgold.elf) (nm, prefixo do nome); cruzado com docs/POKEMON_AVAILABILITY_AUDIT.md e docs/POKEMON_AVAILABILITY_SPECIES.csv (colunas Habilitada=Sim, Obtivel=Nao) gerados na mesma commit"
Especie inatingivel,Lendarios/miticos habilitados sem fonte no jogo,Todos os assets compilados de Glastrier (front/back/paletas/icone/cry/follower),src/data/pokemon/species_info/gen_*_families.h; graphics/pokemon/*,"gMonFrontPic_*, gMonBackPic_*, gMonPalette_*, gMonIcon_*, Cry_* (prefixo Glastrier)",23450,,POSSIVELMENTE_NAO_USADO,"P_FAMILY_* = TRUE (especie compilada e presente na Pokedex configurada), mas SEM nenhum encontro/script/presente/evolucao que a entregue ao jogador nesta build - confirmado por docs/POKEMON_AVAILABILITY_AUDIT.md (mesma commit 692c07c), secao de 24 slots de Pokedex sem fonte","Decisao de design, nao bug tecnico: (a) implementar uma rota de obtencao (eventos/presentes/scripts), ou (b) desabilitar P_FAMILY_* para recuperar o espaco integralmente",23450,MEDIO,"MEDIDO (nm em Soulgold.elf) (nm, prefixo do nome); cruzado com docs/POKEMON_AVAILABILITY_AUDIT.md e docs/POKEMON_AVAILABILITY_SPECIES.csv (colunas Habilitada=Sim, Obtivel=Nao) gerados na mesma commit"
Especie inatingivel,Lendarios/miticos habilitados sem fonte no jogo,Todos os assets compilados de Spectrier (front/back/paletas/icone/cry/follower),src/data/pokemon/species_info/gen_*_families.h; graphics/pokemon/*,"gMonFrontPic_*, gMonBackPic_*, gMonPalette_*, gMonIcon_*, Cry_* (prefixo Spectrier)",23054,,POSSIVELMENTE_NAO_USADO,"P_FAMILY_* = TRUE (especie compilada e presente na Pokedex configurada), mas SEM nenhum encontro/script/presente/evolucao que a entregue ao jogador nesta build - confirmado por docs/POKEMON_AVAILABILITY_AUDIT.md (mesma commit 692c07c), secao de 24 slots de Pokedex sem fonte","Decisao de design, nao bug tecnico: (a) implementar uma rota de obtencao (eventos/presentes/scripts), ou (b) desabilitar P_FAMILY_* para recuperar o espaco integralmente",23054,MEDIO,"MEDIDO (nm em Soulgold.elf) (nm, prefixo do nome); cruzado com docs/POKEMON_AVAILABILITY_AUDIT.md e docs/POKEMON_AVAILABILITY_SPECIES.csv (colunas Habilitada=Sim, Obtivel=Nao) gerados na mesma commit"
Especie inatingivel,Lendarios/miticos habilitados sem fonte no jogo,Todos os assets compilados de Calyrex (+Ice/Shadow Rider) (front/back/paletas/icone/cry/follower),src/data/pokemon/species_info/gen_*_families.h; graphics/pokemon/*,"gMonFrontPic_*, gMonBackPic_*, gMonPalette_*, gMonIcon_*, Cry_* (prefixo Calyrex)",72918,,POSSIVELMENTE_NAO_USADO,"P_FAMILY_* = TRUE (especie compilada e presente na Pokedex configurada), mas SEM nenhum encontro/script/presente/evolucao que a entregue ao jogador nesta build - confirmado por docs/POKEMON_AVAILABILITY_AUDIT.md (mesma commit 692c07c), secao de 24 slots de Pokedex sem fonte","Decisao de design, nao bug tecnico: (a) implementar uma rota de obtencao (eventos/presentes/scripts), ou (b) desabilitar P_FAMILY_* para recuperar o espaco integralmente",72918,MEDIO,"MEDIDO (nm em Soulgold.elf) (nm, prefixo do nome); cruzado com docs/POKEMON_AVAILABILITY_AUDIT.md e docs/POKEMON_AVAILABILITY_SPECIES.csv (colunas Habilitada=Sim, Obtivel=Nao) gerados na mesma commit"
Especie inatingivel,Lendarios/miticos habilitados sem fonte no jogo,Todos os assets compilados de Terapagos (3 formas) (front/back/paletas/icone/cry/follower),src/data/pokemon/species_info/gen_*_families.h; graphics/pokemon/*,"gMonFrontPic_*, gMonBackPic_*, gMonPalette_*, gMonIcon_*, Cry_* (prefixo Terapagos)",23952,,POSSIVELMENTE_NAO_USADO,"P_FAMILY_* = TRUE (especie compilada e presente na Pokedex configurada), mas SEM nenhum encontro/script/presente/evolucao que a entregue ao jogador nesta build - confirmado por docs/POKEMON_AVAILABILITY_AUDIT.md (mesma commit 692c07c), secao de 24 slots de Pokedex sem fonte","Decisao de design, nao bug tecnico: (a) implementar uma rota de obtencao (eventos/presentes/scripts), ou (b) desabilitar P_FAMILY_* para recuperar o espaco integralmente",23952,MEDIO,"MEDIDO (nm em Soulgold.elf) (nm, prefixo do nome); cruzado com docs/POKEMON_AVAILABILITY_AUDIT.md e docs/POKEMON_AVAILABILITY_SPECIES.csv (colunas Habilitada=Sim, Obtivel=Nao) gerados na mesma commit"
Especie inatingivel,Lendarios/miticos habilitados sem fonte no jogo,Todos os assets compilados de Pecharunt (front/back/paletas/icone/cry/follower),src/data/pokemon/species_info/gen_*_families.h; graphics/pokemon/*,"gMonFrontPic_*, gMonBackPic_*, gMonPalette_*, gMonIcon_*, Cry_* (prefixo Pecharunt)",16524,,POSSIVELMENTE_NAO_USADO,"P_FAMILY_* = TRUE (especie compilada e presente na Pokedex configurada), mas SEM nenhum encontro/script/presente/evolucao que a entregue ao jogador nesta build - confirmado por docs/POKEMON_AVAILABILITY_AUDIT.md (mesma commit 692c07c), secao de 24 slots de Pokedex sem fonte","Decisao de design, nao bug tecnico: (a) implementar uma rota de obtencao (eventos/presentes/scripts), ou (b) desabilitar P_FAMILY_* para recuperar o espaco integralmente",16524,MEDIO,"MEDIDO (nm em Soulgold.elf) (nm, prefixo do nome); cruzado com docs/POKEMON_AVAILABILITY_AUDIT.md e docs/POKEMON_AVAILABILITY_SPECIES.csv (colunas Habilitada=Sim, Obtivel=Nao) gerados na mesma commit"
Especie inatingivel,Lendarios/miticos habilitados sem fonte no jogo (TOTAL),Soma de todas as 24 entradas acima,-,-,716399,,POSSIVELMENTE_NAO_USADO,Ver linhas individuais acima,Ver linhas individuais acima; e o maior bloco unico de conteudo comprovadamente inacessivel encontrado nesta auditoria,716399,MEDIO,"MEDIDO (nm em Soulgold.elf); 2,19% da ROM total"
Especie inatingivel,Gigantamax (14 de 17 formas travadas),Assets de formas G-Max cujo gatilho (FORM_CHANGE_BATTLE_GIGANTAMAX) e inalcancavel,src/data/graphics/pokemon.h (subpastas gmax/),"gMonFrontPic_*Gmax*, gMonBackPic_*Gmax* etc (parcial)",77000,,POSSIVELMENTE_NAO_USADO,"Dynamax/Gigantamax esta 'desligado de fato': B_FLAG_DYNAMAX_BATTLE=0 e ITEM_DYNAMAX_BAND nao e distribuido (confirmado em docs/POKEMON_AVAILABILITY_AUDIT.md); EXCETO Butterfree-GMAX e as 2 formas de Toxtricity-GMAX, que foram religadas como gatilho de Mega Evolution e continuam acessiveis","Mesma decisao de design das lendarias: implementar distribuicao do item Dynamax Band + flag de batalha, ou desabilitar as 14 formas G-Max ainda travadas",77000,MEDIO,"CALCULADO (amostra/extrapolacao, ver metodologia no resumo): total medido de todos os simbolos Gigantamax e 94.219B (235 simbolos) para ~17 formas; proporcao 14/17 aplicada para estimar a fatia INACESSIVEL. Precisa de passe manual casando cada gSpeciesInfo de forma Gmax com sua condicao de FORM_CHANGE para valor exato por especie"
Feature ja otimizada,Config de graficos overworld,OW_GFX_COMPRESS=TRUE (comprime overworld/follower),include/config/overworld.h:56,(afeta todos os gObjectEventPic_*),1677488,,NECESSARIO,"Flag ja habilitada nesta arvore de trabalho (estava FALSE no commit HEAD, alterada localmente)",Manter TRUE - NAO reverter para FALSE,5880000,BAIXO,"CALCULADO (amostra/extrapolacao, ver metodologia no resumo): comparando pares reais .4bpp (cru) vs .4bpp.smol (comprimido) ja existentes em disco para 1026 especies, a razao media de compressao e 22,2% (763.148B comprimidos para 3.437.568B crus). Aplicando essa razao ao total comprimido hoje linkado (1.677.488B), o equivalente SEM compressao custaria ~7,56MB - ou seja, a flag ja esta economizando aproximadamente 5,88MB (17,9% da ROM inteira). Reverter essa flag para FALSE estouraria a ROM."
Feature ja otimizada,Cries de Mega Evolution,P_MODIFIED_MEGA_CRIES=FALSE,include/config/pokemon.h:82,Cry_*Mega* (nao existem no ELF),0,,NECESSARIO,Flag ja no valor econimico; comentario do proprio arquivo estima 3% de ROM se fosse TRUE,Manter FALSE,1000000,BAIXO,"MEDIDO (nm em Soulgold.elf): confirmado 0 simbolos Cry_*Mega* no nm_sorted.txt; os arquivos .bin de mega cry em sound/direct_sound_samples/cries/*_mega*.bin sao so peso de repositorio git, nao entram na ROM"
Feature ja otimizada,Formas battle-only no overworld,"OW_BATTLE_ONLY_FORMS=FALSE (alterado localmente, era TRUE no commit HEAD)",include/config/overworld.h:65,gObjectEventPic_*Mega/*Gmax (0 encontrados),0,,NECESSARIO,"Confirmado: nenhum sprite overworld/seguidor de Mega ou Gigantamax genuino esta linkado na ROM atual (0 ocorrencias reais; os 2 falsos-positivos do grep foram Meganium/Megastone/LugiaMegaZ, que nao sao Megas)",Nenhuma - o gating em src/data/graphics/pokemon.h (#if OW_POKEMON_OBJECT_EVENTS && OW_BATTLE_ONLY_FORMS) esta funcionando corretamente,0,BAIXO,"MEDIDO (nm em Soulgold.elf); valida que a mudanca feita na arvore de trabalho local esta de fato excluindo os assets, sem vazamento"
Feature especial,"Shadow Lugia (custom, nomeado 'LugiaMegaZ' no codigo)",Forma de historia sempre compilada (nao gateada por OW_BATTLE_ONLY_FORMS),graphics/pokemon/lugia_shadow/*,gMonFrontPic_LugiaMegaZ e demais assets completos (front/back/paleta/icone/footprint/overworld),26000,,REQUER_INVESTIGACAO,"Apesar do sufixo 'MegaZ' sugerir Mega Evolution, os arquivos-fonte vivem em graphics/pokemon/lugia_shadow/ - parece ser uma forma de historia/eventos (referencia a Pokemon XD: Gale of Darkness), por isso nao e gateada pela flag de formas battle-only","Confirmar em scripts/mapas se essa forma e realmente usada em algum evento; se nao houver referencia, e candidata a POSSIVELMENTE_NAO_USADO",0,BAIXO,REQUER_INVESTIGACAO: nao foi verificado se ha script/mapa que instancia SPECIES_LUGIA_MEGA_Z ou equivalente
Feature especial,Ultra Beasts / Treasures of Ruin desabilitados,Confirmacao: familias com P_FAMILY_X=FALSE NAO vazam assets para a ROM,"include/config/species_enabled.h (14 familias ainda FALSE: TYPE_NULL, NIHILEGO, BUZZWOLE, PHEROMOSA, XURKITREE, CELESTEELA, KARTANA, GUZZLORD, STAKATAKA, BLACEPHALON, WO_CHIEN, TING_LU, OKIDOGI, MUNKIDORI)",-,0,,NECESSARIO,"Confirmado por busca no nm: 0 ocorrencias de simbolos dessas especies no ELF final, exceto uma sobra de 408B (ver linha abaixo)",Nenhuma acao necessaria - o par LTO + --gc-sections ja remove corretamente os assets de especies desabilitadas,0,BAIXO,"MEDIDO (nm em Soulgold.elf); testado individualmente para as 14 familias, greppando cada nome no nm_sorted.txt"
Animacao de batalha,Blacephalon (familia desabilitada),"Sprite de golpe orfao: cabeca de Blacephalon usada como projetil/particula de algum golpe, mesmo com a especie desligada",graphics/battle_anims/*,"gBattleAnimSpritePal_BlacephalonHead, gBattleAnimSpriteGfx_BlacephalonHead",408,,POSSIVELMENTE_NAO_USADO,Nao esta claro qual golpe referencia esse asset ja que a especie Blacephalon esta desligada,"Impacto irrisorio (408B); nao prioritario, mas serve de exemplo de que assets de batalha podem sobreviver a desabilitacao de uma especie via referencia cruzada de outro sistema (efeito de golpe)",408,BAIXO,MEDIDO (nm em Soulgold.elf); achado incidental durante a verificacao de especies desabilitadas
Formas especiais,Furfrou (10 trims/cortes),Total de todos os 10 trims (front+back+icone+paletas+follower+cry compartilhado),graphics/pokemon/furfrou/*,"gMon*Pic_Furfrou*, gObjectEventPic_Furfrou*",,,FORMA_COSMETICA,"10 cortes de pelo canonicamente distintos, cada um com arte propria",Nenhuma - confirmado por md5sum que os 10 icones e os 10 back sprites sao todos BINARIAMENTE UNICOS entre si (nenhuma duplicata acidental encontrada),0,BAIXO,"MEDIDO (nm em Soulgold.elf) (nm) + md5sum (icon.4bpp e back.4bpp de 9 dos 10 trims comparados par-a-par, 0 colisoes)"
Formas especiais,Scatterbug/Spewpa/Vivillon (20 padroes),Total de todos os 20 padroes regionais de Vivillon + Scatterbug + Spewpa,"graphics/pokemon/vivillon_*/*, graphics/pokemon/scatterbug/*, graphics/pokemon/spewpa/*",gMon*Pic_Vivillon*,122985,,FORMA_COSMETICA,"20 padroes de asa canonicamente distintos (Icy Snow, Polar, Tundra, Continental, Garden, Elegant, Meadow, Modern, Marine, Archipelago, High Plains, Sandstorm, River, Monsoon, Savanna, Sun, Ocean, Jungle, Fancy, Poke Ball)","Nenhuma - tamanhos de front/back de cada padrao sao todos diferentes entre si (verificado nm), consistente com arte genuinamente distinta por padrao",0,BAIXO,"MEDIDO (nm em Soulgold.elf); 220 simbolos no total (0,375% da ROM)"
Formas especiais,Deerling (4 formas sazonais),Front/back COMPARTILHADOS entre as 4 estacoes (so a paleta muda) - correto,graphics/pokemon/deerling/*,"gMonFrontPic_Deerling, gMonBackPic_Deerling (unicos, sem sufixo de estacao)",952,,NECESSARIO,"So existe front/back UNICO (nao um por estacao) - a diferenciacao sazonal e feita 100% por paleta, exatamente como no jogo oficial",Nenhuma - ja esta no formato otimo,0,BAIXO,MEDIDO (nm em Soulgold.elf)
Formas especiais,Deerling (4 formas sazonais) - follower/overworld,4 arquivos-fonte distintos (spring/summer/autumn/winter) que comprimem para bytes IDENTICOS,"graphics/pokemon/deerling/overworld.4bpp, deerling/summer/overworld.4bpp, deerling/autumn/overworld.4bpp, deerling/winter/overworld.4bpp",gObjectEventPic_DeerlingSpring/Summer/Autumn/Winter,2032,gObjectEventPic_DeerlingSpring (mantido como base),IDENTICO_COMPARTILHAVEL,"Os 4 arquivos-fonte 'overworld.4bpp' das 4 pastas de estacao sao BYTE-A-BYTE IDENTICOS (mesmo md5 9361e793e4bd6c95cfd5f3abc8f8c0a9 nos 4), apesar de existirem como 4 arquivos fisicos separados e serem compilados como 4 simbolos separados (508B cada) - so as paletes overworld_normal.gbapal/overworld_shiny.gbapal diferem de fato entre as estacoes","Apontar os 4 simbolos gObjectEventPic_Deerling{Summer,Autumn,Winter} para o mesmo array/simbolo que gObjectEventPic_DeerlingSpring (so a paleta muda por estacao); redirecionamento de ponteiro, SEM mudanca visual",1524,BAIXO,CONFIRMADO por md5sum direto nos 4 arquivos-fonte overworld.4bpp (antes e depois de comprimir) + tamanho identico de simbolo no nm (508B cada); risco baixissimo pois a saida visual e identica hoje
Formas especiais,Sawsbuck (4 formas sazonais),"Front/back/follower DISTINTOS por estacao (correto, arte genuinamente diferente)","graphics/pokemon/sawsbuck/*, sawsbuck/summer/*, sawsbuck/autumn/*, sawsbuck/winter/*","gMonFrontPic_Sawsbuck{Spring,Summer,Autumn,Winter}",,,FORMA_COSMETICA,Confirmado por md5sum: os 4 arquivos overworld.4bpp de Sawsbuck tem hashes DIFERENTES entre si (ao contrario de Deerling) - a arte de galhada muda de fato por estacao,"Nenhuma - NAO compartilhar, sao visualmente diferentes",0,BAIXO,MEDIDO (nm em Soulgold.elf) + md5sum (4 hashes distintos confirmados)
Formas especiais,Minior (Meteor + 7 Core),Front/back COMPARTILHADOS entre Meteor e as 7 cores Core - ja otimizado,"graphics/pokemon/minior/*, minior/core/*","gMonFrontPic_MiniorCore, gMonBackPic_MiniorCore (um unico simbolo para as 7 cores)",22600,,NECESSARIO,Ja implementado da forma mais eficiente possivel: 1 front pic + 1 back pic compartilhados por todas as 7 cores Core; so icone (7x1024B) e paleta normal (7x32B) variam por cor; paleta shiny e follower sao compartilhados entre todas as cores tambem,Nenhuma - este e o padrao-ouro de como tratar variantes de cor pura; nenhuma acao necessaria,0,BAIXO,"MEDIDO (nm em Soulgold.elf); confirmado que so existe gMonFrontPic_MiniorCore (sem sufixo de cor) e gMonIcon_MiniorCore{Red,Orange,Yellow,Green,Blue,Indigo,Violet} (7 icones), sem gObjectEventPic_MiniorCore* (formas Core nao tem sprite de seguidor proprio)"
Formas especiais,Pumpkaboo/Gourgeist (4 tamanhos x 2 especies),"8 combinacoes, todas com front/back/follower de tamanho distinto entre si","graphics/pokemon/pumpkaboo*/*, gourgeist*/*","gMon*Pic_{Pumpkaboo,Gourgeist}{Small,Average,Large,Super}",59604,,FORMA_COSMETICA,"Cada uma das 8 combinacoes tem tamanho de simbolo diferente (nenhum par identico), consistente com arte genuinamente distinta por tamanho de abobora",Nenhuma - nao ha duplicata detectada,0,BAIXO,MEDIDO (nm em Soulgold.elf)
Formas especiais,Mega Evolutions (todas),Total de front/back/icone/paleta/cry de todas as formas Mega habilitadas,graphics/pokemon/*/mega/*,gMon*Pic_*Mega*,209220,,FORMA_COSMETICA,112 Megas ativaveis em batalha via megapedra (confirmado em docs/POKEMON_AVAILABILITY_AUDIT.md),Nenhuma - formas visualmente distintas por definicao,0,BAIXO,MEDIDO (nm em Soulgold.elf); overworld/follower dessas formas confirmado como 0B (ver linha OW_BATTLE_ONLY_FORMS acima)
Formas especiais,Diferencas de genero (sufixo F),Total de front/back de todas as especies com sprite de femea distinto,graphics/pokemon/*/*f.4bpp*,"gMonFrontPic_*F, gMonBackPic_*F",178000,,FORMA_COSMETICA,"Dimorfismo sexual oficial (ex: Venusaur, Pikachu, Meowstic, etc) - 191 simbolos, ~95 pares front+back",Nenhuma - visualmente diferentes por definicao oficial da franquia,0,BAIXO,MEDIDO (nm em Soulgold.elf)
Hipotese - Cries,Todas as linhas evolutivas habilitadas,Reaproveitar o cry do estagio final para os estagios pre-evolutivos da mesma linha,sound/cry_tables.inc; sound/direct_sound_samples/cries/*.bin,Cry_<especies nao-finais>,2462000,,CRY_REDUNDANTE,"HOJE cada estagio evolutivo tem seu proprio grito distinto - isso e comportamento OFICIAL de todo jogo Pokemon, nao e um bug ou duplicata","PROPOSTA (nao recomendada como primeira opcao): redirecionar o cry de especies nao-finais para o cry de seu estagio final por linha, economizando o espaco das amostras pre-evolutivas. Mudanca de identidade sonora de centenas de especies - precisa de validacao de design antes de qualquer implementacao",2462000,ALTO,"HIPOTESE (nao validada, requer prototipo/playtest): contagem de blocos '.evolutions = EVOLUTION(' em src/data/pokemon/species_info/*.h encontrou 491 de 1577 entradas de especie/forma com pelo menos um alvo de evolucao (31,1%). Aplicando essa proporcao ao numero de cries realmente linkados hoje (1052 simbolos Cry_*, media 7529B cada): 1052 x 0,311 x 7529B = ~2.462.000B. Isto e uma ESTIMATIVA POR PROPORCAO, nao uma contagem especie-a-especie (nao foi construida a arvore de evolucao completa por restricao de tempo); o numero real pode divergir significativamente. NAO CONFUNDIR com economia comprovada."
Formas de cor (paleta),Minior Core (7 cores),Icone: mesma arte de pixel para as 7 cores (so a paleta muda),"graphics/pokemon/minior/core/{blue,green,indigo,orange,red,violet,yellow}/icon.4bpp","gMonIcon_MiniorCore{Blue,Green,Indigo,Orange,Red,Violet,Yellow}",1024,gMonIcon_MiniorCoreRed (mantido como base),IDENTICO_COMPARTILHAVEL,"Os 7 arquivos icon.4bpp das 7 cores sao BYTE-A-BYTE IDENTICOS (md5 4140bfc3...), exatamente como front/back ja fazem para Minior","Apontar os outros 6 simbolos de icone para o mesmo array; redirecionamento de ponteiro, zero mudanca visual (a cor do icone hoje ja vem so da paleta gMonIconPalette_MiniorCore*, nao do 4bpp)",6144,BAIXO,"CONFIRMADO por md5sum direto nos 7 arquivos-fonte icon.4bpp; risco zero, e o mesmo padrao que o projeto ja usa para front/back de Minior"
Formas cosmeticas,Dialga / Dialga-Primal,Icone identico entre forma base e forma Primal (customizada deste hack),"graphics/pokemon/dialga/icon.4bpp, graphics/pokemon/dialga/primal/icon.4bpp","gMonIcon_Dialga, gMonIcon_DialgaPrimal",1024,gMonIcon_Dialga (mantido como base),IDENTICO_COMPARTILHAVEL,"Confirmado por md5sum (hash 47bcad1b...) - o icone da forma Primal e byte-identico ao icone da forma base; DialgaOrigin (a 3a forma) tem icone proprio, corretamente distinto","Redirecionar gMonIcon_DialgaPrimal para gMonIcon_Dialga; verificar antes se a intencao de design e mesmo reaproveitar o icone ou se falta arte propria da forma Primal (o front/back da Primal SAO distintos, entao pode ser so o icone que ficou pendente)",1024,BAIXO,CONFIRMADO por md5sum; validar com o time de arte se e reaproveitamento intencional ou uma arte pendente
Formas de cor (paleta),Squawkabilly (4 cores),Sprite de seguidor/overworld identico entre as 4 cores (so a paleta muda),"graphics/pokemon/squawkabilly/{,blue/,white/,yellow/}overworld.4bpp","gObjectEventPic_Squawkabilly{Blue,Green,White,Yellow}",920,"gObjectEventPic_SquawkabillyGreen (arquivo base, mantido)",IDENTICO_COMPARTILHAVEL,Os 4 arquivos-fonte overworld.4bpp sao byte-identicos (md5 55fcaff5...); a diferenca de cor da plumagem so aparece no front/back (verificado: 0 duplicatas em anim_front.4bpp para Squawkabilly),"Apontar os outros 3 simbolos de overworld para o mesmo array; redirecionamento de ponteiro, zero mudanca visual (paleta overworld ja e por-cor separadamente)",2760,BAIXO,CONFIRMADO por md5sum nos 4 arquivos-fonte + tamanho identico (920B) nos 4 simbolos no nm
Formas de cor (paleta),Floette (5 cores: Red/Blue/Orange/White/Yellow),Sprite de seguidor/overworld identico entre as 5 cores comuns (Eternal Flower e Mega sao corretamente distintos),"graphics/pokemon/floette/{,blue/,orange/,white/,yellow/}overworld.4bpp","gObjectEventPic_Floette{Blue,Orange,Red,White,Yellow}",912,"gObjectEventPic_FloetteRed (arquivo base, mantido)",IDENTICO_COMPARTILHAVEL,Os 5 arquivos-fonte sao byte-identicos (md5 98f1014a...); FloetteEternal (0x484) e FloetteMega (nao listada aqui) tem sprites proprios corretamente distintos,"Apontar os outros 4 simbolos para o mesmo array; redirecionamento de ponteiro, zero mudanca visual",3648,BAIXO,CONFIRMADO por md5sum nos 5 arquivos-fonte + tamanho identico (912B) nos 5 simbolos
Formas de cor (paleta),Florges (4 de 5 cores: Red/Blue/Orange/White; Yellow e distinto),Sprite de seguidor/overworld identico entre 4 das 5 cores,"graphics/pokemon/florges/{,blue/,orange/,white/}overworld.4bpp","gObjectEventPic_Florges{Blue,Orange,Red,White}",1196,"gObjectEventPic_FlorgesRed (arquivo base, mantido)",IDENTICO_COMPARTILHAVEL,4 dos 5 arquivos-fonte sao byte-identicos (md5 e90ea474...); gObjectEventPic_FlorgesYellow tem MESMO TAMANHO (0x4ac) mas conteudo DIFERENTE (nao entrou no grupo de hash) - portanto Yellow foi corretamente mantido separado nesta proposta,Apontar os 3 simbolos Blue/Orange/White para o mesmo array de Red; NAO mexer em Yellow (arte genuinamente diferente apesar do mesmo tamanho),3588,BAIXO,"CONFIRMADO por md5sum (4 arquivos identicos, Yellow explicitamente diferente apesar do tamanho igual - cuidado ao automatizar so por tamanho de simbolo)"
Formas de cor (paleta),Flabebe (Orange e Yellow apenas; Red/Blue/White sao distintos),Sprite de seguidor/overworld identico so entre Orange e Yellow,"graphics/pokemon/flabebe/{orange/,yellow/}overworld.4bpp","gObjectEventPic_FlabebeOrange, gObjectEventPic_FlabebeYellow",596,gObjectEventPic_FlabebeOrange (mantido),IDENTICO_COMPARTILHAVEL,"Confirmado por md5sum (hash e4e23013...) - so esse par e identico; Red(base)/Blue/White tem tamanho parecido (0x254) mas conteudo diferente, corretamente distintos",Apontar gObjectEventPic_FlabebeYellow para o mesmo array de FlabebeOrange,596,BAIXO,CONFIRMADO por md5sum; mesmo alerta do Florges sobre nao confiar so no tamanho do simbolo
Formas cosmeticas entre especies,Latias-Mega / Latios-Mega,"Front, back E icone identicos byte-a-byte entre as duas especies (Latias e Latios sao especies DIFERENTES)","graphics/pokemon/latias/mega/{front,back}.4bpp, icon.4bpp; graphics/pokemon/latios/mega/{front,back}.4bpp, icon.4bpp","gMon{Front,Back}Pic_LatiasMega/LatiosMega, gMonIcon_LatiasMega/LatiosMega",2660,"gMon*Pic_LatiasMega (ou LatiosMega, arbitrario - sao identicos hoje)",REQUER_INVESTIGACAO,"Confirmado por md5sum: front (00241d08...), back (0b80b46e...) e icone (8a23cffd...) das Mega Evolutions de Latias e Latios sao TODOS byte-identicos hoje - a unica diferenca visual entre as duas Megas no jogo atual e a paleta de cor","Do ponto de vista de ROM, consolidar economiza os bytes SEM mudar nada na tela (o jogo ja renderiza a mesma forma para as duas). Porem, Latias e Latios sao especies com identidade propria (nao uma forma cosmetica dentro da mesma especie) - times de arte podem preferir desenhar uma Mega Latios distinta antes de formalizar o compartilhamento. RECOMENDACAO: perguntar ao time de arte se e reaproveitamento intencional ou arte pendente antes de redirecionar o ponteiro",2660,MEDIO,"CONFIRMADO por md5sum (3 arquivos por especie, 6 no total); risco tecnico ZERO (visual ja e identico), risco de produto MEDIO (pode ser lacuna de arte, nao decisao deliberada)"
Formas cosmeticas entre especies,Appletun-Gmax / Flapple-Gmax,"Front, back E icone identicos byte-a-byte entre as duas especies (evolucoes irmas de Applin)","graphics/pokemon/appletun/gmax/{front,back,icon}.4bpp; graphics/pokemon/flapple/gmax/{front,back,icon}.4bpp","gMon{Front,Back}Pic_AppletunGmax/FlappleGmax, gMonIcon_AppletunGmax/FlappleGmax",2264,"gMon*Pic_AppletunGmax (ou FlappleGmax, arbitrario - identicos hoje)",REQUER_INVESTIGACAO,"Confirmado por md5sum: front (8a18f6a5...), back (27127b17...) e icone (a3e83305...) das formas Gigantamax de Appletun e Flapple sao TODOS byte-identicos hoje. Nota: essas formas G-Max estao entre as 3 travadas reaproveitadas como Mega, entao SAO alcancaveis no jogo atual (ao contrario da maioria dos G-Max)","Mesma logica do par Latias/Latios-Mega: consolidar nao muda nada na tela hoje, mas confirmar com o time de arte se e intencional antes de formalizar",2264,MEDIO,"CONFIRMADO por md5sum; essas 2 formas SAO alcancaveis (repassadas para gatilho de Mega), entao qualquer decisao aqui afeta conteudo que o jogador realmente ve"
Formas cosmeticas (lore-justificado),Finizen / Palafin (Zero Form),Back sprite identico entre a pre-evolucao Finizen e a Zero Form de Palafin,"graphics/pokemon/finizen/back.4bpp, graphics/pokemon/palafin/back.4bpp","gMonBackPic_Finizen, gMonBackPic_PalafinZero",412,gMonBackPic_Finizen (mantido),IDENTICO_COMPARTILHAVEL,"Confirmado por md5sum (hash 2d4ea9ee...); PalafinHero (a forma pos-batalha) tem sprite proprio, corretamente distinto (hash diferente). Isso E consistente com a piada de design oficial da franquia: a Zero Form de Palafin e deliberadamente quase identica a Finizen","Apontar gMonBackPic_PalafinZero para o mesmo array de gMonBackPic_Finizen; redirecionamento de ponteiro, zero mudanca visual e consistente com a intencao de design original da especie",412,BAIXO,CONFIRMADO por md5sum; unico caso desta lista com justificativa de design OFICIAL da franquia para a semelhanca
