row,NatDex,Geracao,Familia,Especie_Forma,Constante,Arquivo,TipoEdicao,MacroOuStruct,AbilitiesNaturaisReais,InnatesAplicadas,InnatesSugeridasPlanilha,Status,Observacao
5,414,4,BURMY,MOTHIM_PLANT,SPECIES_MOTHIM_PLANT,src/data/pokemon/species_info/gen_4_families.h,macro,MOTHIM_SPECIES_INFO,"ABILITY_SWARM, ABILITY_NONE, ABILITY_TINTED_LENS","ABILITY_COMPOUND_EYES, ABILITY_WINDCALLER, ABILITY_MANEUVERABILITY","ABILITY_COMPOUND_EYES, ABILITY_WINDCALLER, ABILITY_MANEUVERABILITY",implementado,
6,414,4,BURMY,MOTHIM_SANDY,SPECIES_MOTHIM_SANDY,src/data/pokemon/species_info/gen_4_families.h,macro,MOTHIM_SPECIES_INFO,"ABILITY_SWARM, ABILITY_NONE, ABILITY_TINTED_LENS","ABILITY_COMPOUND_EYES, ABILITY_WINDCALLER, ABILITY_MANEUVERABILITY","ABILITY_COMPOUND_EYES, ABILITY_WINDCALLER, ABILITY_MANEUVERABILITY",implementado,
7,414,4,BURMY,MOTHIM_TRASH,SPECIES_MOTHIM_TRASH,src/data/pokemon/species_info/gen_4_families.h,macro,MOTHIM_SPECIES_INFO,"ABILITY_SWARM, ABILITY_NONE, ABILITY_TINTED_LENS","ABILITY_COMPOUND_EYES, ABILITY_WINDCALLER, ABILITY_MANEUVERABILITY","ABILITY_COMPOUND_EYES, ABILITY_WINDCALLER, ABILITY_MANEUVERABILITY",implementado,
8,504,5,PATRAT,Patrat,SPECIES_PATRAT,src/data/pokemon/species_info/gen_5_families.h,direct,SPECIES_PATRAT,"ABILITY_RUN_AWAY, ABILITY_KEEN_EYE, ABILITY_ANALYTIC",ABILITY_UNDERDOG,ABILITY_UNDERDOG,implementado,
9,505,5,PATRAT,Watchog,SPECIES_WATCHOG,src/data/pokemon/species_info/gen_5_families.h,direct,SPECIES_WATCHOG,"ABILITY_ILLUMINATE, ABILITY_KEEN_EYE, ABILITY_ANALYTIC","ABILITY_STAKEOUT, ABILITY_UNDERDOG, ABILITY_MANEUVERABILITY","ABILITY_STAKEOUT, ABILITY_UNDERDOG, ABILITY_MANEUVERABILITY",implementado,
10,506,5,LILLIPUP,Lillipup,SPECIES_LILLIPUP,src/data/pokemon/species_info/gen_5_families.h,direct,SPECIES_LILLIPUP,"ABILITY_VITAL_SPIRIT, ABILITY_PICKUP, ABILITY_RUN_AWAY",ABILITY_GUARD_DOG,ABILITY_GUARD_DOG,implementado,
11,507,5,LILLIPUP,Herdier,SPECIES_HERDIER,src/data/pokemon/species_info/gen_5_families.h,direct,SPECIES_HERDIER,"ABILITY_INTIMIDATE, ABILITY_SAND_RUSH, ABILITY_SCRAPPY","ABILITY_PICKUP, ABILITY_GUARD_DOG","ABILITY_PICKUP, ABILITY_GUARD_DOG",implementado,
12,508,5,LILLIPUP,Stoutland,SPECIES_STOUTLAND,src/data/pokemon/species_info/gen_5_families.h,direct,SPECIES_STOUTLAND,"ABILITY_INTIMIDATE, ABILITY_SAND_RUSH, ABILITY_SCRAPPY","ABILITY_GUARD_DOG, ABILITY_PACK_LEADER, ABILITY_UNDERDOG","ABILITY_GUARD_DOG, ABILITY_PACK_LEADER, ABILITY_UNDERDOG",implementado,
13,509,5,PURRLOIN,Purrloin,SPECIES_PURRLOIN,src/data/pokemon/species_info/gen_5_families.h,direct,SPECIES_PURRLOIN,"ABILITY_LIMBER, ABILITY_UNBURDEN, ABILITY_PRANKSTER",ABILITY_MANEUVERABILITY,ABILITY_MANEUVERABILITY,implementado,
14,510,5,PURRLOIN,Liepard,SPECIES_LIEPARD,src/data/pokemon/species_info/gen_5_families.h,direct,SPECIES_LIEPARD,"ABILITY_LIMBER, ABILITY_UNBURDEN, ABILITY_PRANKSTER","ABILITY_MANEUVERABILITY, ABILITY_INFILTRATOR, ABILITY_SUPER_LUCK","ABILITY_MANEUVERABILITY, ABILITY_INFILTRATOR, ABILITY_SUPER_LUCK",implementado,
15,511,5,PANSAGE,Pansage,SPECIES_PANSAGE,src/data/pokemon/species_info/gen_5_families.h,direct,SPECIES_PANSAGE,"ABILITY_GLUTTONY, ABILITY_NONE, ABILITY_OVERGROW",ABILITY_CHLOROPHYLL,ABILITY_CHLOROPHYLL,implementado,
16,512,5,PANSAGE,Simisage,SPECIES_SIMISAGE,src/data/pokemon/species_info/gen_5_families.h,direct,SPECIES_SIMISAGE,"ABILITY_GLUTTONY, ABILITY_NONE, ABILITY_OVERGROW","ABILITY_CHLOROPHYLL, ABILITY_GENERALIST, ABILITY_LEAF_GUARD","ABILITY_CHLOROPHYLL, ABILITY_GENERALIST, ABILITY_LEAF_GUARD",implementado,
17,513,5,PANSEAR,Pansear,SPECIES_PANSEAR,src/data/pokemon/species_info/gen_5_families.h,direct,SPECIES_PANSEAR,"ABILITY_GLUTTONY, ABILITY_NONE, ABILITY_BLAZE",ABILITY_SOLAR_POWER,ABILITY_SOLAR_POWER,implementado,
18,514,5,PANSEAR,Simisear,SPECIES_SIMISEAR,src/data/pokemon/species_info/gen_5_families.h,direct,SPECIES_SIMISEAR,"ABILITY_GLUTTONY, ABILITY_NONE, ABILITY_BLAZE","ABILITY_SOLAR_POWER, ABILITY_GENERALIST, ABILITY_FLASH_FIRE","ABILITY_SOLAR_POWER, ABILITY_GENERALIST, ABILITY_FLASH_FIRE",implementado,
19,515,5,PANPOUR,Panpour,SPECIES_PANPOUR,src/data/pokemon/species_info/gen_5_families.h,direct,SPECIES_PANPOUR,"ABILITY_GLUTTONY, ABILITY_NONE, ABILITY_TORRENT",ABILITY_SWIFT_SWIM,ABILITY_SWIFT_SWIM,implementado,
20,516,5,PANPOUR,Simipour,SPECIES_SIMIPOUR,src/data/pokemon/species_info/gen_5_families.h,direct,SPECIES_SIMIPOUR,"ABILITY_GLUTTONY, ABILITY_NONE, ABILITY_TORRENT","ABILITY_SWIFT_SWIM, ABILITY_GENERALIST, ABILITY_HYDRATION","ABILITY_SWIFT_SWIM, ABILITY_GENERALIST, ABILITY_HYDRATION",implementado,
21,517,5,MUNNA,Munna,SPECIES_MUNNA,src/data/pokemon/species_info/gen_5_families.h,direct,SPECIES_MUNNA,"ABILITY_FOREWARN, ABILITY_SYNCHRONIZE, ABILITY_TELEPATHY",ABILITY_MAGIC_GUARD,ABILITY_MAGIC_GUARD,implementado,
22,518,5,MUNNA,Musharna,SPECIES_MUSHARNA,src/data/pokemon/species_info/gen_5_families.h,direct,SPECIES_MUSHARNA,"ABILITY_FOREWARN, ABILITY_SYNCHRONIZE, ABILITY_TELEPATHY","ABILITY_MAGIC_GUARD, ABILITY_SOOTHING, ABILITY_COMPETITIVE","ABILITY_MAGIC_GUARD, ABILITY_SOOTHING, ABILITY_COMPETITIVE",implementado,
23,519,5,PIDOVE,Pidove,SPECIES_PIDOVE,src/data/pokemon/species_info/gen_5_families.h,direct,SPECIES_PIDOVE,"ABILITY_BIG_PECKS, ABILITY_SUPER_LUCK, ABILITY_RIVALRY",ABILITY_UNDERDOG,ABILITY_UNDERDOG,implementado,
24,520,5,PIDOVE,Tranquill,SPECIES_TRANQUILL,src/data/pokemon/species_info/gen_5_families.h,direct,SPECIES_TRANQUILL,"ABILITY_BIG_PECKS, ABILITY_SUPER_LUCK, ABILITY_RIVALRY","ABILITY_UNDERDOG, ABILITY_PACK_LEADER","ABILITY_UNDERDOG, ABILITY_PACK_LEADER",implementado,
25,521,5,PIDOVE,Unfezant,SPECIES_UNFEZANT,src/data/pokemon/species_info/gen_5_families.h,direct,SPECIES_UNFEZANT,"ABILITY_BIG_PECKS, ABILITY_SUPER_LUCK, ABILITY_RIVALRY","ABILITY_WINDCALLER, ABILITY_UNDERDOG, ABILITY_PACK_LEADER","ABILITY_WINDCALLER, ABILITY_UNDERDOG, ABILITY_PACK_LEADER",implementado,
26,522,5,BLITZLE,Blitzle,SPECIES_BLITZLE,src/data/pokemon/species_info/gen_5_families.h,direct,SPECIES_BLITZLE,"ABILITY_LIGHTNING_ROD, ABILITY_MOTOR_DRIVE, ABILITY_SAP_SIPPER",ABILITY_VOLT_ABSORB,ABILITY_VOLT_ABSORB,implementado,
27,523,5,BLITZLE,Zebstrika,SPECIES_ZEBSTRIKA,src/data/pokemon/species_info/gen_5_families.h,direct,SPECIES_ZEBSTRIKA,"ABILITY_LIGHTNING_ROD, ABILITY_MOTOR_DRIVE, ABILITY_SAP_SIPPER","ABILITY_RECKLESS, ABILITY_VOLT_ABSORB, ABILITY_GALVANIZE","ABILITY_RECKLESS, ABILITY_VOLT_ABSORB, ABILITY_GALVANIZE",implementado,
28,524,5,ROGGENROLA,Roggenrola,SPECIES_ROGGENROLA,src/data/pokemon/species_info/gen_5_families.h,direct,SPECIES_ROGGENROLA,"ABILITY_STURDY, ABILITY_WEAK_ARMOR, ABILITY_SAND_FORCE",ABILITY_SOLID_ROCK,ABILITY_SOLID_ROCK,implementado,
29,525,5,ROGGENROLA,Boldore,SPECIES_BOLDORE,src/data/pokemon/species_info/gen_5_families.h,direct,SPECIES_BOLDORE,"ABILITY_STURDY, ABILITY_WEAK_ARMOR, ABILITY_SAND_FORCE","ABILITY_SOLID_ROCK, ABILITY_ROCK_AND_STONE","ABILITY_SOLID_ROCK, ABILITY_ROCK_AND_STONE",implementado,
30,526,5,ROGGENROLA,Gigalith,SPECIES_GIGALITH,src/data/pokemon/species_info/gen_5_families.h,direct,SPECIES_GIGALITH,"ABILITY_STURDY, ABILITY_SAND_STREAM, ABILITY_SAND_FORCE","ABILITY_STONE_SENTINEL, ABILITY_SOLIDIFY, ABILITY_ROCK_AND_STONE","ABILITY_STONE_SENTINEL, ABILITY_SOLIDIFY, ABILITY_ROCK_AND_STONE",implementado,
31,527,5,WOOBAT,Woobat,SPECIES_WOOBAT,src/data/pokemon/species_info/gen_5_families.h,direct,SPECIES_WOOBAT,"ABILITY_UNAWARE, ABILITY_KLUTZ, ABILITY_SIMPLE",ABILITY_MAGIC_GUARD,ABILITY_MAGIC_GUARD,implementado,
32,528,5,WOOBAT,Swoobat,SPECIES_SWOOBAT,src/data/pokemon/species_info/gen_5_families.h,direct,SPECIES_SWOOBAT,"ABILITY_UNAWARE, ABILITY_KLUTZ, ABILITY_SIMPLE","ABILITY_TINTED_LENS, ABILITY_MAGIC_GUARD, ABILITY_TELEPATHY","ABILITY_TINTED_LENS, ABILITY_MAGIC_GUARD, ABILITY_TELEPATHY",implementado,
33,532,5,TIMBURR,Timburr,SPECIES_TIMBURR,src/data/pokemon/species_info/gen_5_families.h,direct,SPECIES_TIMBURR,"ABILITY_GUTS, ABILITY_SHEER_FORCE, ABILITY_IRON_FIST",ABILITY_SCRAPPY,ABILITY_SCRAPPY,implementado,
34,533,5,TIMBURR,Gurdurr,SPECIES_GURDURR,src/data/pokemon/species_info/gen_5_families.h,direct,SPECIES_GURDURR,"ABILITY_GUTS, ABILITY_SHEER_FORCE, ABILITY_IRON_FIST","ABILITY_SCRAPPY, ABILITY_MOLD_BREAKER","ABILITY_SCRAPPY, ABILITY_MOLD_BREAKER",implementado,
35,534,5,TIMBURR,Conkeldurr,SPECIES_CONKELDURR,src/data/pokemon/species_info/gen_5_families.h,direct,SPECIES_CONKELDURR,"ABILITY_GUTS, ABILITY_SHEER_FORCE, ABILITY_IRON_FIST","ABILITY_SCRAPPY, ABILITY_MOLD_BREAKER, ABILITY_DEFIANT","ABILITY_SCRAPPY, ABILITY_MOLD_BREAKER, ABILITY_DEFIANT",implementado,
36,535,5,TYMPOLE,Tympole,SPECIES_TYMPOLE,src/data/pokemon/species_info/gen_5_families.h,direct,SPECIES_TYMPOLE,"ABILITY_SWIFT_SWIM, ABILITY_HYDRATION, ABILITY_WATER_ABSORB",ABILITY_RAIN_DISH,ABILITY_RAIN_DISH,implementado,
37,536,5,TYMPOLE,Palpitoad,SPECIES_PALPITOAD,src/data/pokemon/species_info/gen_5_families.h,direct,SPECIES_PALPITOAD,"ABILITY_SWIFT_SWIM, ABILITY_HYDRATION, ABILITY_WATER_ABSORB","ABILITY_RAIN_DISH, ABILITY_STORM_DRAIN","ABILITY_RAIN_DISH, ABILITY_STORM_DRAIN",implementado,
38,537,5,TYMPOLE,Seismitoad,SPECIES_SEISMITOAD,src/data/pokemon/species_info/gen_5_families.h,direct,SPECIES_SEISMITOAD,"ABILITY_SWIFT_SWIM, ABILITY_POISON_TOUCH, ABILITY_WATER_ABSORB","ABILITY_HYDRATION, ABILITY_RAIN_DISH, ABILITY_STORM_DRAIN","ABILITY_HYDRATION, ABILITY_RAIN_DISH, ABILITY_STORM_DRAIN",implementado,
39,538,5,THROH,Throh,SPECIES_THROH,src/data/pokemon/species_info/gen_5_families.h,direct,SPECIES_THROH,"ABILITY_GUTS, ABILITY_INNER_FOCUS, ABILITY_MOLD_BREAKER","ABILITY_IRON_FIST, ABILITY_SCRAPPY, ABILITY_DEFIANT","ABILITY_IRON_FIST, ABILITY_SCRAPPY, ABILITY_DEFIANT",implementado,
40,539,5,SAWK,Sawk,SPECIES_SAWK,src/data/pokemon/species_info/gen_5_families.h,direct,SPECIES_SAWK,"ABILITY_STURDY, ABILITY_INNER_FOCUS, ABILITY_MOLD_BREAKER","ABILITY_SHARPNESS, ABILITY_IRON_FIST, ABILITY_GUTS","ABILITY_SHARPNESS, ABILITY_IRON_FIST, ABILITY_GUTS",implementado,
41,557,5,DWEBBLE,Dwebble,SPECIES_DWEBBLE,src/data/pokemon/species_info/gen_5_families.h,direct,SPECIES_DWEBBLE,"ABILITY_STURDY, ABILITY_SHELL_ARMOR, ABILITY_WEAK_ARMOR",ABILITY_COMPOUND_EYES,ABILITY_COMPOUND_EYES,implementado,
42,558,5,DWEBBLE,Crustle,SPECIES_CRUSTLE,src/data/pokemon/species_info/gen_5_families.h,direct,SPECIES_CRUSTLE,"ABILITY_STURDY, ABILITY_SHELL_ARMOR, ABILITY_WEAK_ARMOR","ABILITY_SOLID_ROCK, ABILITY_COMPOUND_EYES, ABILITY_TINTED_LENS","ABILITY_SOLID_ROCK, ABILITY_COMPOUND_EYES, ABILITY_TINTED_LENS",implementado,
43,561,5,SIGILYPH,Sigilyph,SPECIES_SIGILYPH,src/data/pokemon/species_info/gen_5_families.h,direct,SPECIES_SIGILYPH,"ABILITY_WONDER_SKIN, ABILITY_MAGIC_GUARD, ABILITY_TINTED_LENS","ABILITY_LEVITATE, ABILITY_TELEPATHY, ABILITY_COMPETITIVE","ABILITY_LEVITATE, ABILITY_TELEPATHY, ABILITY_COMPETITIVE",implementado,
44,564,5,TIRTOUGA,Tirtouga,SPECIES_TIRTOUGA,src/data/pokemon/species_info/gen_5_families.h,direct,SPECIES_TIRTOUGA,"ABILITY_SOLID_ROCK, ABILITY_STURDY, ABILITY_SWIFT_SWIM",ABILITY_HYDRATION,ABILITY_HYDRATION,implementado,
45,565,5,TIRTOUGA,Carracosta,SPECIES_CARRACOSTA,src/data/pokemon/species_info/gen_5_families.h,direct,SPECIES_CARRACOSTA,"ABILITY_SOLID_ROCK, ABILITY_STURDY, ABILITY_SWIFT_SWIM","ABILITY_HYDRATION, ABILITY_RAIN_DISH, ABILITY_WATER_ABSORB","ABILITY_HYDRATION, ABILITY_RAIN_DISH, ABILITY_WATER_ABSORB",implementado,
46,568,5,TRUBBISH,Trubbish,SPECIES_TRUBBISH,src/data/pokemon/species_info/gen_5_families.h,direct,SPECIES_TRUBBISH,"ABILITY_STENCH, ABILITY_STICKY_HOLD, ABILITY_AFTERMATH",ABILITY_POISON_TOUCH,ABILITY_POISON_TOUCH,implementado,
47,569,5,TRUBBISH,Garbodor,SPECIES_GARBODOR,src/data/pokemon/species_info/gen_5_families.h,direct,SPECIES_GARBODOR,"ABILITY_STENCH, ABILITY_WEAK_ARMOR, ABILITY_AFTERMATH","ABILITY_POISON_TOUCH, ABILITY_CORROSION, ABILITY_MERCILESS","ABILITY_POISON_TOUCH, ABILITY_CORROSION, ABILITY_MERCILESS",implementado,
48,569,5,TRUBBISH,Garbodor,SPECIES_GARBODOR_GMAX,src/data/pokemon/species_info/gen_5_families.h,direct,SPECIES_GARBODOR_GMAX,"ABILITY_STENCH, ABILITY_WEAK_ARMOR, ABILITY_AFTERMATH","ABILITY_POISON_TOUCH, ABILITY_CORROSION, ABILITY_MERCILESS","ABILITY_POISON_TOUCH, ABILITY_CORROSION, ABILITY_MERCILESS",implementado,
49,574,5,GOTHITA,Gothita,SPECIES_GOTHITA,src/data/pokemon/species_info/gen_5_families.h,direct,SPECIES_GOTHITA,"ABILITY_FRISK, ABILITY_COMPETITIVE, ABILITY_SHADOW_TAG",ABILITY_MAGIC_GUARD,ABILITY_MAGIC_GUARD,implementado,
50,575,5,GOTHITA,Gothorita,SPECIES_GOTHORITA,src/data/pokemon/species_info/gen_5_families.h,direct,SPECIES_GOTHORITA,"ABILITY_FRISK, ABILITY_COMPETITIVE, ABILITY_SHADOW_TAG","ABILITY_MAGIC_GUARD, ABILITY_TELEPATHY","ABILITY_MAGIC_GUARD, ABILITY_TELEPATHY",implementado,
51,576,5,GOTHITA,Gothitelle,SPECIES_GOTHITELLE,src/data/pokemon/species_info/gen_5_families.h,direct,SPECIES_GOTHITELLE,"ABILITY_FRISK, ABILITY_COMPETITIVE, ABILITY_SHADOW_TAG","ABILITY_REACTIVE, ABILITY_MAGIC_GUARD, ABILITY_TELEPATHY","ABILITY_REACTIVE, ABILITY_MAGIC_GUARD, ABILITY_TELEPATHY",implementado,
52,580,5,DUCKLETT,Ducklett,SPECIES_DUCKLETT,src/data/pokemon/species_info/gen_5_families.h,direct,SPECIES_DUCKLETT,"ABILITY_KEEN_EYE, ABILITY_BIG_PECKS, ABILITY_HYDRATION",ABILITY_SWIFT_SWIM,ABILITY_SWIFT_SWIM,implementado,
53,581,5,DUCKLETT,Swanna,SPECIES_SWANNA,src/data/pokemon/species_info/gen_5_families.h,direct,SPECIES_SWANNA,"ABILITY_KEEN_EYE, ABILITY_BIG_PECKS, ABILITY_HYDRATION","ABILITY_RAIN_DISH, ABILITY_WINDCALLER, ABILITY_SWIFT_SWIM","ABILITY_RAIN_DISH, ABILITY_WINDCALLER, ABILITY_SWIFT_SWIM",implementado,
54,582,5,VANILLITE,Vanillite,SPECIES_VANILLITE,src/data/pokemon/species_info/gen_5_families.h,direct,SPECIES_VANILLITE,"ABILITY_ICE_BODY, ABILITY_SNOW_CLOAK, ABILITY_WEAK_ARMOR",ABILITY_SLUSH_RUSH,ABILITY_SLUSH_RUSH,implementado,
55,583,5,VANILLITE,Vanillish,SPECIES_VANILLISH,src/data/pokemon/species_info/gen_5_families.h,direct,SPECIES_VANILLISH,"ABILITY_ICE_BODY, ABILITY_SNOW_CLOAK, ABILITY_WEAK_ARMOR","ABILITY_SLUSH_RUSH, ABILITY_SNOW_WARNING","ABILITY_SLUSH_RUSH, ABILITY_SNOW_WARNING",implementado,
56,584,5,VANILLITE,Vanilluxe,SPECIES_VANILLUXE,src/data/pokemon/species_info/gen_5_families.h,direct,SPECIES_VANILLUXE,"ABILITY_ICE_BODY, ABILITY_SNOW_WARNING, ABILITY_WEAK_ARMOR","ABILITY_SLUSH_RUSH, ABILITY_FILTER, ABILITY_SNOW_CLOAK","ABILITY_SLUSH_RUSH, ABILITY_FILTER, ABILITY_SNOW_CLOAK",implementado,
57,585,5,DEERLING,Deerling,SPECIES_DEERLING_AUTUMN,src/data/pokemon/species_info/gen_5_families.h,direct,SPECIES_DEERLING_AUTUMN,"ABILITY_CHLOROPHYLL, ABILITY_SAP_SIPPER, ABILITY_SERENE_GRACE",ABILITY_UNDERDOG,ABILITY_UNDERDOG,implementado,
58,585,5,DEERLING,Deerling,SPECIES_DEERLING_SPRING,src/data/pokemon/species_info/gen_5_families.h,direct,SPECIES_DEERLING_SPRING,"ABILITY_CHLOROPHYLL, ABILITY_SAP_SIPPER, ABILITY_SERENE_GRACE",ABILITY_UNDERDOG,ABILITY_UNDERDOG,implementado,
59,585,5,DEERLING,Deerling,SPECIES_DEERLING_SUMMER,src/data/pokemon/species_info/gen_5_families.h,direct,SPECIES_DEERLING_SUMMER,"ABILITY_CHLOROPHYLL, ABILITY_SAP_SIPPER, ABILITY_SERENE_GRACE",ABILITY_UNDERDOG,ABILITY_UNDERDOG,implementado,
60,585,5,DEERLING,Deerling,SPECIES_DEERLING_WINTER,src/data/pokemon/species_info/gen_5_families.h,direct,SPECIES_DEERLING_WINTER,"ABILITY_CHLOROPHYLL, ABILITY_SAP_SIPPER, ABILITY_SERENE_GRACE",ABILITY_UNDERDOG,ABILITY_UNDERDOG,implementado,
61,586,5,DEERLING,Sawsbuck,SPECIES_SAWSBUCK_AUTUMN,src/data/pokemon/species_info/gen_5_families.h,direct,SPECIES_SAWSBUCK_AUTUMN,"ABILITY_CHLOROPHYLL, ABILITY_SAP_SIPPER, ABILITY_SERENE_GRACE","ABILITY_UNDERDOG, ABILITY_PACK_LEADER, ABILITY_GENERALIST","ABILITY_UNDERDOG, ABILITY_PACK_LEADER, ABILITY_GENERALIST",implementado,
62,586,5,DEERLING,Sawsbuck,SPECIES_SAWSBUCK_SPRING,src/data/pokemon/species_info/gen_5_families.h,direct,SPECIES_SAWSBUCK_SPRING,"ABILITY_CHLOROPHYLL, ABILITY_SAP_SIPPER, ABILITY_SERENE_GRACE","ABILITY_UNDERDOG, ABILITY_PACK_LEADER, ABILITY_GENERALIST","ABILITY_UNDERDOG, ABILITY_PACK_LEADER, ABILITY_GENERALIST",implementado,
63,586,5,DEERLING,Sawsbuck,SPECIES_SAWSBUCK_SUMMER,src/data/pokemon/species_info/gen_5_families.h,direct,SPECIES_SAWSBUCK_SUMMER,"ABILITY_CHLOROPHYLL, ABILITY_SAP_SIPPER, ABILITY_SERENE_GRACE","ABILITY_UNDERDOG, ABILITY_PACK_LEADER, ABILITY_GENERALIST","ABILITY_UNDERDOG, ABILITY_PACK_LEADER, ABILITY_GENERALIST",implementado,
64,586,5,DEERLING,Sawsbuck,SPECIES_SAWSBUCK_WINTER,src/data/pokemon/species_info/gen_5_families.h,direct,SPECIES_SAWSBUCK_WINTER,"ABILITY_CHLOROPHYLL, ABILITY_SAP_SIPPER, ABILITY_SERENE_GRACE","ABILITY_UNDERDOG, ABILITY_PACK_LEADER, ABILITY_GENERALIST","ABILITY_UNDERDOG, ABILITY_PACK_LEADER, ABILITY_GENERALIST",implementado,
65,590,5,FOONGUS,Foongus,SPECIES_FOONGUS,src/data/pokemon/species_info/gen_5_families.h,direct,SPECIES_FOONGUS,"ABILITY_EFFECT_SPORE, ABILITY_NONE, ABILITY_REGENERATOR",ABILITY_THICK_FAT,ABILITY_THICK_FAT,implementado,
66,591,5,FOONGUS,Amoonguss,SPECIES_AMOONGUSS,src/data/pokemon/species_info/gen_5_families.h,direct,SPECIES_AMOONGUSS,"ABILITY_EFFECT_SPORE, ABILITY_NONE, ABILITY_REGENERATOR","ABILITY_THICK_FAT, ABILITY_CHLOROPHYLL, ABILITY_LEAF_GUARD","ABILITY_THICK_FAT, ABILITY_CHLOROPHYLL, ABILITY_LEAF_GUARD",implementado,
67,592,5,FRILLISH,Frillish,SPECIES_FRILLISH,src/data/pokemon/species_info/gen_5_families.h,direct,SPECIES_FRILLISH,"ABILITY_WATER_ABSORB, ABILITY_CURSED_BODY, ABILITY_DAMP",ABILITY_SWIFT_SWIM,ABILITY_SWIFT_SWIM,implementado,
68,593,5,FRILLISH,Jellicent,SPECIES_JELLICENT,src/data/pokemon/species_info/gen_5_families.h,direct,SPECIES_JELLICENT,"ABILITY_WATER_ABSORB, ABILITY_CURSED_BODY, ABILITY_DAMP","ABILITY_SWIFT_SWIM, ABILITY_HYDRATION, ABILITY_RAIN_DISH","ABILITY_SWIFT_SWIM, ABILITY_HYDRATION, ABILITY_RAIN_DISH",implementado,
69,594,5,ALOMOMOLA,Alomomola,SPECIES_ALOMOMOLA,src/data/pokemon/species_info/gen_5_families.h,direct,SPECIES_ALOMOMOLA,"ABILITY_HEALER, ABILITY_HYDRATION, ABILITY_REGENERATOR","ABILITY_SWIFT_SWIM, ABILITY_RAIN_DISH, ABILITY_WATER_ABSORB","ABILITY_SWIFT_SWIM, ABILITY_RAIN_DISH, ABILITY_WATER_ABSORB",implementado,
70,599,5,KLINK,Klink,SPECIES_KLINK,src/data/pokemon/species_info/gen_5_families.h,direct,SPECIES_KLINK,"ABILITY_PLUS, ABILITY_MINUS, ABILITY_CLEAR_BODY",ABILITY_STEELWORKER,ABILITY_STEELWORKER,implementado,
71,600,5,KLINK,Klang,SPECIES_KLANG,src/data/pokemon/species_info/gen_5_families.h,direct,SPECIES_KLANG,"ABILITY_PLUS, ABILITY_MINUS, ABILITY_CLEAR_BODY","ABILITY_STEELWORKER, ABILITY_MOTOR_DRIVE","ABILITY_STEELWORKER, ABILITY_MOTOR_DRIVE",implementado,
72,601,5,KLINK,Klinklang,SPECIES_KLINKLANG,src/data/pokemon/species_info/gen_5_families.h,direct,SPECIES_KLINKLANG,"ABILITY_PLUS, ABILITY_MINUS, ABILITY_CLEAR_BODY","ABILITY_MOTOR_DRIVE, ABILITY_STEELWORKER, ABILITY_HEAVY_METAL","ABILITY_MOTOR_DRIVE, ABILITY_STEELWORKER, ABILITY_HEAVY_METAL",implementado,
73,605,5,ELGYEM,Elgyem,SPECIES_ELGYEM,src/data/pokemon/species_info/gen_5_families.h,direct,SPECIES_ELGYEM,"ABILITY_TELEPATHY, ABILITY_SYNCHRONIZE, ABILITY_ANALYTIC",ABILITY_MAGIC_GUARD,ABILITY_MAGIC_GUARD,implementado,
74,606,5,ELGYEM,Beheeyem,SPECIES_BEHEEYEM,src/data/pokemon/species_info/gen_5_families.h,direct,SPECIES_BEHEEYEM,"ABILITY_TELEPATHY, ABILITY_SYNCHRONIZE, ABILITY_ANALYTIC","ABILITY_PSYCHIC_SURGE, ABILITY_MAGIC_GUARD, ABILITY_COMPETITIVE","ABILITY_PSYCHIC_SURGE, ABILITY_MAGIC_GUARD, ABILITY_COMPETITIVE",implementado,
75,613,5,CUBCHOO,Cubchoo,SPECIES_CUBCHOO,src/data/pokemon/species_info/gen_5_families.h,direct,SPECIES_CUBCHOO,"ABILITY_SNOW_CLOAK, ABILITY_SLUSH_RUSH, ABILITY_RATTLED",ABILITY_ICE_BODY,ABILITY_ICE_BODY,implementado,
76,614,5,CUBCHOO,Beartic,SPECIES_BEARTIC,src/data/pokemon/species_info/gen_5_families.h,direct,SPECIES_BEARTIC,"ABILITY_SNOW_CLOAK, ABILITY_SLUSH_RUSH, ABILITY_SWIFT_SWIM","ABILITY_TOUGH_CLAWS, ABILITY_ICE_BODY, ABILITY_SNOW_WARNING","ABILITY_TOUGH_CLAWS, ABILITY_ICE_BODY, ABILITY_SNOW_WARNING",implementado,
77,615,5,CRYOGONAL,Cryogonal,SPECIES_CRYOGONAL,src/data/pokemon/species_info/gen_5_families.h,direct,SPECIES_CRYOGONAL,"ABILITY_LEVITATE, ABILITY_NONE, ABILITY_NONE","ABILITY_ICE_BODY, ABILITY_FILTER, ABILITY_SLUSH_RUSH","ABILITY_ICE_BODY, ABILITY_FILTER, ABILITY_SLUSH_RUSH",implementado,
78,616,5,SHELMET,Shelmet,SPECIES_SHELMET,src/data/pokemon/species_info/gen_5_families.h,direct,SPECIES_SHELMET,"ABILITY_HYDRATION, ABILITY_SHELL_ARMOR, ABILITY_OVERCOAT",ABILITY_COMPOUND_EYES,ABILITY_COMPOUND_EYES,implementado,
79,617,5,SHELMET,Accelgor,SPECIES_ACCELGOR,src/data/pokemon/species_info/gen_5_families.h,direct,SPECIES_ACCELGOR,"ABILITY_HYDRATION, ABILITY_STICKY_HOLD, ABILITY_UNBURDEN","ABILITY_MANEUVERABILITY, ABILITY_COMPOUND_EYES, ABILITY_TINTED_LENS","ABILITY_MANEUVERABILITY, ABILITY_COMPOUND_EYES, ABILITY_TINTED_LENS",implementado,
80,621,5,DRUDDIGON,Druddigon,SPECIES_DRUDDIGON,src/data/pokemon/species_info/gen_5_families.h,direct,SPECIES_DRUDDIGON,"ABILITY_ROUGH_SKIN, ABILITY_SHEER_FORCE, ABILITY_MOLD_BREAKER","ABILITY_BATTLE_ARMOR, ABILITY_REACTIVE, ABILITY_BREAKING_PRESENCE","ABILITY_BATTLE_ARMOR, ABILITY_REACTIVE, ABILITY_BREAKING_PRESENCE",implementado,
81,626,5,BOUFFALANT,Bouffalant,SPECIES_BOUFFALANT,src/data/pokemon/species_info/gen_5_families.h,direct,SPECIES_BOUFFALANT,"ABILITY_RECKLESS, ABILITY_SAP_SIPPER, ABILITY_SOUNDPROOF","ABILITY_ROCK_HEAD, ABILITY_UNDERDOG, ABILITY_PACK_LEADER","ABILITY_ROCK_HEAD, ABILITY_UNDERDOG, ABILITY_PACK_LEADER",implementado,
82,631,5,HEATMOR,Heatmor,SPECIES_HEATMOR,src/data/pokemon/species_info/gen_5_families.h,direct,SPECIES_HEATMOR,"ABILITY_GLUTTONY, ABILITY_FLASH_FIRE, ABILITY_WHITE_SMOKE","ABILITY_STAKEOUT, ABILITY_TOUGH_CLAWS, ABILITY_BRAND_OF_TORMENT","ABILITY_STAKEOUT, ABILITY_TOUGH_CLAWS, ABILITY_BRAND_OF_TORMENT",implementado,
83,632,5,DURANT,Durant,SPECIES_DURANT,src/data/pokemon/species_info/gen_5_families.h,direct,SPECIES_DURANT,"ABILITY_SWARM, ABILITY_HUSTLE, ABILITY_TRUANT","ABILITY_COMPOUND_EYES, ABILITY_BATTLE_ARMOR, ABILITY_TINTED_LENS","ABILITY_COMPOUND_EYES, ABILITY_BATTLE_ARMOR, ABILITY_TINTED_LENS",implementado,
84,659,6,BUNNELBY,Bunnelby,SPECIES_BUNNELBY,src/data/pokemon/species_info/gen_6_families.h,direct,SPECIES_BUNNELBY,"ABILITY_PICKUP, ABILITY_CHEEK_POUCH, ABILITY_HUGE_POWER",ABILITY_UNDERDOG,ABILITY_UNDERDOG,implementado,
85,660,6,BUNNELBY,Diggersby,SPECIES_DIGGERSBY,src/data/pokemon/species_info/gen_6_families.h,direct,SPECIES_DIGGERSBY,"ABILITY_PICKUP, ABILITY_CHEEK_POUCH, ABILITY_HUGE_POWER","ABILITY_UNDERDOG, ABILITY_PACK_LEADER, ABILITY_GENERALIST","ABILITY_UNDERDOG, ABILITY_PACK_LEADER, ABILITY_GENERALIST",implementado,
86,664,6,SCATTERBUG,SCATTERBUG_ARCHIPELAGO,SPECIES_SCATTERBUG_ARCHIPELAGO,src/data/pokemon/species_info/gen_6_families.h,macro,SCATTERBUG_SPECIES_INFO,"ABILITY_SHIELD_DUST, ABILITY_COMPOUND_EYES, ABILITY_FRIEND_GUARD",ABILITY_UNDERDOG,ABILITY_UNDERDOG,implementado,
87,664,6,SCATTERBUG,SCATTERBUG_CONTINENTAL,SPECIES_SCATTERBUG_CONTINENTAL,src/data/pokemon/species_info/gen_6_families.h,macro,SCATTERBUG_SPECIES_INFO,"ABILITY_SHIELD_DUST, ABILITY_COMPOUND_EYES, ABILITY_FRIEND_GUARD",ABILITY_UNDERDOG,ABILITY_UNDERDOG,implementado,
88,664,6,SCATTERBUG,SCATTERBUG_ELEGANT,SPECIES_SCATTERBUG_ELEGANT,src/data/pokemon/species_info/gen_6_families.h,macro,SCATTERBUG_SPECIES_INFO,"ABILITY_SHIELD_DUST, ABILITY_COMPOUND_EYES, ABILITY_FRIEND_GUARD",ABILITY_UNDERDOG,ABILITY_UNDERDOG,implementado,
89,664,6,SCATTERBUG,SCATTERBUG_FANCY,SPECIES_SCATTERBUG_FANCY,src/data/pokemon/species_info/gen_6_families.h,macro,SCATTERBUG_SPECIES_INFO,"ABILITY_SHIELD_DUST, ABILITY_COMPOUND_EYES, ABILITY_FRIEND_GUARD",ABILITY_UNDERDOG,ABILITY_UNDERDOG,implementado,
90,664,6,SCATTERBUG,SCATTERBUG_GARDEN,SPECIES_SCATTERBUG_GARDEN,src/data/pokemon/species_info/gen_6_families.h,macro,SCATTERBUG_SPECIES_INFO,"ABILITY_SHIELD_DUST, ABILITY_COMPOUND_EYES, ABILITY_FRIEND_GUARD",ABILITY_UNDERDOG,ABILITY_UNDERDOG,implementado,
91,664,6,SCATTERBUG,SCATTERBUG_HIGH_PLAINS,SPECIES_SCATTERBUG_HIGH_PLAINS,src/data/pokemon/species_info/gen_6_families.h,macro,SCATTERBUG_SPECIES_INFO,"ABILITY_SHIELD_DUST, ABILITY_COMPOUND_EYES, ABILITY_FRIEND_GUARD",ABILITY_UNDERDOG,ABILITY_UNDERDOG,implementado,
92,664,6,SCATTERBUG,SCATTERBUG_ICY_SNOW,SPECIES_SCATTERBUG_ICY_SNOW,src/data/pokemon/species_info/gen_6_families.h,macro,SCATTERBUG_SPECIES_INFO,"ABILITY_SHIELD_DUST, ABILITY_COMPOUND_EYES, ABILITY_FRIEND_GUARD",ABILITY_UNDERDOG,ABILITY_UNDERDOG,implementado,
93,664,6,SCATTERBUG,SCATTERBUG_JUNGLE,SPECIES_SCATTERBUG_JUNGLE,src/data/pokemon/species_info/gen_6_families.h,macro,SCATTERBUG_SPECIES_INFO,"ABILITY_SHIELD_DUST, ABILITY_COMPOUND_EYES, ABILITY_FRIEND_GUARD",ABILITY_UNDERDOG,ABILITY_UNDERDOG,implementado,
94,664,6,SCATTERBUG,SCATTERBUG_MARINE,SPECIES_SCATTERBUG_MARINE,src/data/pokemon/species_info/gen_6_families.h,macro,SCATTERBUG_SPECIES_INFO,"ABILITY_SHIELD_DUST, ABILITY_COMPOUND_EYES, ABILITY_FRIEND_GUARD",ABILITY_UNDERDOG,ABILITY_UNDERDOG,implementado,
95,664,6,SCATTERBUG,SCATTERBUG_MEADOW,SPECIES_SCATTERBUG_MEADOW,src/data/pokemon/species_info/gen_6_families.h,macro,SCATTERBUG_SPECIES_INFO,"ABILITY_SHIELD_DUST, ABILITY_COMPOUND_EYES, ABILITY_FRIEND_GUARD",ABILITY_UNDERDOG,ABILITY_UNDERDOG,implementado,
96,664,6,SCATTERBUG,SCATTERBUG_MODERN,SPECIES_SCATTERBUG_MODERN,src/data/pokemon/species_info/gen_6_families.h,macro,SCATTERBUG_SPECIES_INFO,"ABILITY_SHIELD_DUST, ABILITY_COMPOUND_EYES, ABILITY_FRIEND_GUARD",ABILITY_UNDERDOG,ABILITY_UNDERDOG,implementado,
97,664,6,SCATTERBUG,SCATTERBUG_MONSOON,SPECIES_SCATTERBUG_MONSOON,src/data/pokemon/species_info/gen_6_families.h,macro,SCATTERBUG_SPECIES_INFO,"ABILITY_SHIELD_DUST, ABILITY_COMPOUND_EYES, ABILITY_FRIEND_GUARD",ABILITY_UNDERDOG,ABILITY_UNDERDOG,implementado,
98,664,6,SCATTERBUG,SCATTERBUG_OCEAN,SPECIES_SCATTERBUG_OCEAN,src/data/pokemon/species_info/gen_6_families.h,macro,SCATTERBUG_SPECIES_INFO,"ABILITY_SHIELD_DUST, ABILITY_COMPOUND_EYES, ABILITY_FRIEND_GUARD",ABILITY_UNDERDOG,ABILITY_UNDERDOG,implementado,
99,664,6,SCATTERBUG,SCATTERBUG_POLAR,SPECIES_SCATTERBUG_POLAR,src/data/pokemon/species_info/gen_6_families.h,macro,SCATTERBUG_SPECIES_INFO,"ABILITY_SHIELD_DUST, ABILITY_COMPOUND_EYES, ABILITY_FRIEND_GUARD",ABILITY_UNDERDOG,ABILITY_UNDERDOG,implementado,
100,664,6,SCATTERBUG,SCATTERBUG_RIVER,SPECIES_SCATTERBUG_RIVER,src/data/pokemon/species_info/gen_6_families.h,macro,SCATTERBUG_SPECIES_INFO,"ABILITY_SHIELD_DUST, ABILITY_COMPOUND_EYES, ABILITY_FRIEND_GUARD",ABILITY_UNDERDOG,ABILITY_UNDERDOG,implementado,
101,664,6,SCATTERBUG,SCATTERBUG_SANDSTORM,SPECIES_SCATTERBUG_SANDSTORM,src/data/pokemon/species_info/gen_6_families.h,macro,SCATTERBUG_SPECIES_INFO,"ABILITY_SHIELD_DUST, ABILITY_COMPOUND_EYES, ABILITY_FRIEND_GUARD",ABILITY_UNDERDOG,ABILITY_UNDERDOG,implementado,
102,664,6,SCATTERBUG,SCATTERBUG_SAVANNA,SPECIES_SCATTERBUG_SAVANNA,src/data/pokemon/species_info/gen_6_families.h,macro,SCATTERBUG_SPECIES_INFO,"ABILITY_SHIELD_DUST, ABILITY_COMPOUND_EYES, ABILITY_FRIEND_GUARD",ABILITY_UNDERDOG,ABILITY_UNDERDOG,implementado,
103,664,6,SCATTERBUG,SCATTERBUG_SUN,SPECIES_SCATTERBUG_SUN,src/data/pokemon/species_info/gen_6_families.h,macro,SCATTERBUG_SPECIES_INFO,"ABILITY_SHIELD_DUST, ABILITY_COMPOUND_EYES, ABILITY_FRIEND_GUARD",ABILITY_UNDERDOG,ABILITY_UNDERDOG,implementado,
104,664,6,SCATTERBUG,SCATTERBUG_TUNDRA,SPECIES_SCATTERBUG_TUNDRA,src/data/pokemon/species_info/gen_6_families.h,macro,SCATTERBUG_SPECIES_INFO,"ABILITY_SHIELD_DUST, ABILITY_COMPOUND_EYES, ABILITY_FRIEND_GUARD",ABILITY_UNDERDOG,ABILITY_UNDERDOG,implementado,
105,665,6,SCATTERBUG,Spewpa,SPECIES_SCATTERBUG_POKEBALL,src/data/pokemon/species_info/gen_6_families.h,macro,SCATTERBUG_SPECIES_INFO,"ABILITY_SHIELD_DUST, ABILITY_COMPOUND_EYES, ABILITY_FRIEND_GUARD",ABILITY_UNDERDOG,ABILITY_SHED_SKIN,implementado (valor da familia/macro),"Linha da planilha sugeria ABILITY_SHED_SKIN isoladamente; forma compartilha macro SCATTERBUG_SPECIES_INFO com as demais 19 formas (todas ABILITY_UNDERDOG); nao ha struct separada para variantes Poke Ball, entao foi mantido o valor da familia."
106,665,6,SCATTERBUG,SPEWPA_ARCHIPELAGO,SPECIES_SPEWPA_ARCHIPELAGO,src/data/pokemon/species_info/gen_6_families.h,macro,SPEWPA_SPECIES_INFO,"ABILITY_SHED_SKIN, ABILITY_NONE, ABILITY_FRIEND_GUARD",ABILITY_UNDERDOG,ABILITY_UNDERDOG,implementado,
107,665,6,SCATTERBUG,SPEWPA_CONTINENTAL,SPECIES_SPEWPA_CONTINENTAL,src/data/pokemon/species_info/gen_6_families.h,macro,SPEWPA_SPECIES_INFO,"ABILITY_SHED_SKIN, ABILITY_NONE, ABILITY_FRIEND_GUARD",ABILITY_UNDERDOG,ABILITY_UNDERDOG,implementado,
108,665,6,SCATTERBUG,SPEWPA_ELEGANT,SPECIES_SPEWPA_ELEGANT,src/data/pokemon/species_info/gen_6_families.h,macro,SPEWPA_SPECIES_INFO,"ABILITY_SHED_SKIN, ABILITY_NONE, ABILITY_FRIEND_GUARD",ABILITY_UNDERDOG,ABILITY_UNDERDOG,implementado,
109,665,6,SCATTERBUG,SPEWPA_FANCY,SPECIES_SPEWPA_FANCY,src/data/pokemon/species_info/gen_6_families.h,macro,SPEWPA_SPECIES_INFO,"ABILITY_SHED_SKIN, ABILITY_NONE, ABILITY_FRIEND_GUARD",ABILITY_UNDERDOG,ABILITY_UNDERDOG,implementado,
110,665,6,SCATTERBUG,SPEWPA_GARDEN,SPECIES_SPEWPA_GARDEN,src/data/pokemon/species_info/gen_6_families.h,macro,SPEWPA_SPECIES_INFO,"ABILITY_SHED_SKIN, ABILITY_NONE, ABILITY_FRIEND_GUARD",ABILITY_UNDERDOG,ABILITY_UNDERDOG,implementado,
111,665,6,SCATTERBUG,SPEWPA_HIGH_PLAINS,SPECIES_SPEWPA_HIGH_PLAINS,src/data/pokemon/species_info/gen_6_families.h,macro,SPEWPA_SPECIES_INFO,"ABILITY_SHED_SKIN, ABILITY_NONE, ABILITY_FRIEND_GUARD",ABILITY_UNDERDOG,ABILITY_UNDERDOG,implementado,
112,665,6,SCATTERBUG,SPEWPA_ICY_SNOW,SPECIES_SPEWPA_ICY_SNOW,src/data/pokemon/species_info/gen_6_families.h,macro,SPEWPA_SPECIES_INFO,"ABILITY_SHED_SKIN, ABILITY_NONE, ABILITY_FRIEND_GUARD",ABILITY_UNDERDOG,ABILITY_UNDERDOG,implementado,
113,665,6,SCATTERBUG,SPEWPA_JUNGLE,SPECIES_SPEWPA_JUNGLE,src/data/pokemon/species_info/gen_6_families.h,macro,SPEWPA_SPECIES_INFO,"ABILITY_SHED_SKIN, ABILITY_NONE, ABILITY_FRIEND_GUARD",ABILITY_UNDERDOG,ABILITY_UNDERDOG,implementado,
114,665,6,SCATTERBUG,SPEWPA_MARINE,SPECIES_SPEWPA_MARINE,src/data/pokemon/species_info/gen_6_families.h,macro,SPEWPA_SPECIES_INFO,"ABILITY_SHED_SKIN, ABILITY_NONE, ABILITY_FRIEND_GUARD",ABILITY_UNDERDOG,ABILITY_UNDERDOG,implementado,
115,665,6,SCATTERBUG,SPEWPA_MEADOW,SPECIES_SPEWPA_MEADOW,src/data/pokemon/species_info/gen_6_families.h,macro,SPEWPA_SPECIES_INFO,"ABILITY_SHED_SKIN, ABILITY_NONE, ABILITY_FRIEND_GUARD",ABILITY_UNDERDOG,ABILITY_UNDERDOG,implementado,
116,665,6,SCATTERBUG,SPEWPA_MODERN,SPECIES_SPEWPA_MODERN,src/data/pokemon/species_info/gen_6_families.h,macro,SPEWPA_SPECIES_INFO,"ABILITY_SHED_SKIN, ABILITY_NONE, ABILITY_FRIEND_GUARD",ABILITY_UNDERDOG,ABILITY_UNDERDOG,implementado,
117,665,6,SCATTERBUG,SPEWPA_MONSOON,SPECIES_SPEWPA_MONSOON,src/data/pokemon/species_info/gen_6_families.h,macro,SPEWPA_SPECIES_INFO,"ABILITY_SHED_SKIN, ABILITY_NONE, ABILITY_FRIEND_GUARD",ABILITY_UNDERDOG,ABILITY_UNDERDOG,implementado,
118,665,6,SCATTERBUG,SPEWPA_OCEAN,SPECIES_SPEWPA_OCEAN,src/data/pokemon/species_info/gen_6_families.h,macro,SPEWPA_SPECIES_INFO,"ABILITY_SHED_SKIN, ABILITY_NONE, ABILITY_FRIEND_GUARD",ABILITY_UNDERDOG,ABILITY_UNDERDOG,implementado,
119,665,6,SCATTERBUG,SPEWPA_POLAR,SPECIES_SPEWPA_POLAR,src/data/pokemon/species_info/gen_6_families.h,macro,SPEWPA_SPECIES_INFO,"ABILITY_SHED_SKIN, ABILITY_NONE, ABILITY_FRIEND_GUARD",ABILITY_UNDERDOG,ABILITY_UNDERDOG,implementado,
120,665,6,SCATTERBUG,SPEWPA_RIVER,SPECIES_SPEWPA_RIVER,src/data/pokemon/species_info/gen_6_families.h,macro,SPEWPA_SPECIES_INFO,"ABILITY_SHED_SKIN, ABILITY_NONE, ABILITY_FRIEND_GUARD",ABILITY_UNDERDOG,ABILITY_UNDERDOG,implementado,
121,665,6,SCATTERBUG,SPEWPA_SANDSTORM,SPECIES_SPEWPA_SANDSTORM,src/data/pokemon/species_info/gen_6_families.h,macro,SPEWPA_SPECIES_INFO,"ABILITY_SHED_SKIN, ABILITY_NONE, ABILITY_FRIEND_GUARD",ABILITY_UNDERDOG,ABILITY_UNDERDOG,implementado,
122,665,6,SCATTERBUG,SPEWPA_SAVANNA,SPECIES_SPEWPA_SAVANNA,src/data/pokemon/species_info/gen_6_families.h,macro,SPEWPA_SPECIES_INFO,"ABILITY_SHED_SKIN, ABILITY_NONE, ABILITY_FRIEND_GUARD",ABILITY_UNDERDOG,ABILITY_UNDERDOG,implementado,
123,665,6,SCATTERBUG,SPEWPA_SUN,SPECIES_SPEWPA_SUN,src/data/pokemon/species_info/gen_6_families.h,macro,SPEWPA_SPECIES_INFO,"ABILITY_SHED_SKIN, ABILITY_NONE, ABILITY_FRIEND_GUARD",ABILITY_UNDERDOG,ABILITY_UNDERDOG,implementado,
124,665,6,SCATTERBUG,SPEWPA_TUNDRA,SPECIES_SPEWPA_TUNDRA,src/data/pokemon/species_info/gen_6_families.h,macro,SPEWPA_SPECIES_INFO,"ABILITY_SHED_SKIN, ABILITY_NONE, ABILITY_FRIEND_GUARD",ABILITY_UNDERDOG,ABILITY_UNDERDOG,implementado,
125,666,6,SCATTERBUG,Vivillon,SPECIES_SPEWPA_POKEBALL,src/data/pokemon/species_info/gen_6_families.h,macro,SPEWPA_SPECIES_INFO,"ABILITY_SHED_SKIN, ABILITY_NONE, ABILITY_FRIEND_GUARD",ABILITY_UNDERDOG,"ABILITY_COMPOUND_EYES, ABILITY_SHIELD_DUST, ABILITY_TINTED_LENS",implementado (valor da familia/macro),"Linha da planilha (rotulada erroneamente como Vivillon) sugeria o trio de innates de Vivillon; forma compartilha macro SPEWPA_SPECIES_INFO com as demais 19 formas (todas ABILITY_UNDERDOG); nao ha struct separada para variantes Poke Ball, entao foi mantido o valor da familia."
126,666,6,SCATTERBUG,VIVILLON_ARCHIPELAGO,SPECIES_VIVILLON_ARCHIPELAGO,src/data/pokemon/species_info/gen_6_families.h,macro,VIVILLON_MISC_INFO,"ABILITY_SHIELD_DUST, ABILITY_COMPOUND_EYES, ABILITY_FRIEND_GUARD","ABILITY_TINTED_LENS, ABILITY_WINDCALLER, ABILITY_MANEUVERABILITY","ABILITY_COMPOUND_EYES, ABILITY_SHIELD_DUST, ABILITY_TINTED_LENS",implementado (override do usuario),"Sugestao original da planilha (COMPOUND_EYES, SHIELD_DUST, TINTED_LENS) duplicava abilities naturais reais (SHIELD_DUST, COMPOUND_EYES); usuario definiu novo conjunto sem conflito: TINTED_LENS, WINDCALLER, MANEUVERABILITY."
127,666,6,SCATTERBUG,VIVILLON_CONTINENTAL,SPECIES_VIVILLON_CONTINENTAL,src/data/pokemon/species_info/gen_6_families.h,macro,VIVILLON_MISC_INFO,"ABILITY_SHIELD_DUST, ABILITY_COMPOUND_EYES, ABILITY_FRIEND_GUARD","ABILITY_TINTED_LENS, ABILITY_WINDCALLER, ABILITY_MANEUVERABILITY","ABILITY_COMPOUND_EYES, ABILITY_SHIELD_DUST, ABILITY_TINTED_LENS",implementado (override do usuario),"Sugestao original da planilha (COMPOUND_EYES, SHIELD_DUST, TINTED_LENS) duplicava abilities naturais reais (SHIELD_DUST, COMPOUND_EYES); usuario definiu novo conjunto sem conflito: TINTED_LENS, WINDCALLER, MANEUVERABILITY."
128,666,6,SCATTERBUG,VIVILLON_ELEGANT,SPECIES_VIVILLON_ELEGANT,src/data/pokemon/species_info/gen_6_families.h,macro,VIVILLON_MISC_INFO,"ABILITY_SHIELD_DUST, ABILITY_COMPOUND_EYES, ABILITY_FRIEND_GUARD","ABILITY_TINTED_LENS, ABILITY_WINDCALLER, ABILITY_MANEUVERABILITY","ABILITY_COMPOUND_EYES, ABILITY_SHIELD_DUST, ABILITY_TINTED_LENS",implementado (override do usuario),"Sugestao original da planilha (COMPOUND_EYES, SHIELD_DUST, TINTED_LENS) duplicava abilities naturais reais (SHIELD_DUST, COMPOUND_EYES); usuario definiu novo conjunto sem conflito: TINTED_LENS, WINDCALLER, MANEUVERABILITY."
129,666,6,SCATTERBUG,VIVILLON_FANCY,SPECIES_VIVILLON_FANCY,src/data/pokemon/species_info/gen_6_families.h,macro,VIVILLON_MISC_INFO,"ABILITY_SHIELD_DUST, ABILITY_COMPOUND_EYES, ABILITY_FRIEND_GUARD","ABILITY_TINTED_LENS, ABILITY_WINDCALLER, ABILITY_MANEUVERABILITY","ABILITY_COMPOUND_EYES, ABILITY_SHIELD_DUST, ABILITY_TINTED_LENS",implementado (override do usuario),"Sugestao original da planilha (COMPOUND_EYES, SHIELD_DUST, TINTED_LENS) duplicava abilities naturais reais (SHIELD_DUST, COMPOUND_EYES); usuario definiu novo conjunto sem conflito: TINTED_LENS, WINDCALLER, MANEUVERABILITY."
130,666,6,SCATTERBUG,VIVILLON_GARDEN,SPECIES_VIVILLON_GARDEN,src/data/pokemon/species_info/gen_6_families.h,macro,VIVILLON_MISC_INFO,"ABILITY_SHIELD_DUST, ABILITY_COMPOUND_EYES, ABILITY_FRIEND_GUARD","ABILITY_TINTED_LENS, ABILITY_WINDCALLER, ABILITY_MANEUVERABILITY","ABILITY_COMPOUND_EYES, ABILITY_SHIELD_DUST, ABILITY_TINTED_LENS",implementado (override do usuario),"Sugestao original da planilha (COMPOUND_EYES, SHIELD_DUST, TINTED_LENS) duplicava abilities naturais reais (SHIELD_DUST, COMPOUND_EYES); usuario definiu novo conjunto sem conflito: TINTED_LENS, WINDCALLER, MANEUVERABILITY."
131,666,6,SCATTERBUG,VIVILLON_HIGH_PLAINS,SPECIES_VIVILLON_HIGH_PLAINS,src/data/pokemon/species_info/gen_6_families.h,macro,VIVILLON_MISC_INFO,"ABILITY_SHIELD_DUST, ABILITY_COMPOUND_EYES, ABILITY_FRIEND_GUARD","ABILITY_TINTED_LENS, ABILITY_WINDCALLER, ABILITY_MANEUVERABILITY","ABILITY_COMPOUND_EYES, ABILITY_SHIELD_DUST, ABILITY_TINTED_LENS",implementado (override do usuario),"Sugestao original da planilha (COMPOUND_EYES, SHIELD_DUST, TINTED_LENS) duplicava abilities naturais reais (SHIELD_DUST, COMPOUND_EYES); usuario definiu novo conjunto sem conflito: TINTED_LENS, WINDCALLER, MANEUVERABILITY."
132,666,6,SCATTERBUG,VIVILLON_ICY_SNOW,SPECIES_VIVILLON_ICY_SNOW,src/data/pokemon/species_info/gen_6_families.h,macro,VIVILLON_MISC_INFO,"ABILITY_SHIELD_DUST, ABILITY_COMPOUND_EYES, ABILITY_FRIEND_GUARD","ABILITY_TINTED_LENS, ABILITY_WINDCALLER, ABILITY_MANEUVERABILITY","ABILITY_COMPOUND_EYES, ABILITY_SHIELD_DUST, ABILITY_TINTED_LENS",implementado (override do usuario),"Sugestao original da planilha (COMPOUND_EYES, SHIELD_DUST, TINTED_LENS) duplicava abilities naturais reais (SHIELD_DUST, COMPOUND_EYES); usuario definiu novo conjunto sem conflito: TINTED_LENS, WINDCALLER, MANEUVERABILITY."
133,666,6,SCATTERBUG,VIVILLON_JUNGLE,SPECIES_VIVILLON_JUNGLE,src/data/pokemon/species_info/gen_6_families.h,macro,VIVILLON_MISC_INFO,"ABILITY_SHIELD_DUST, ABILITY_COMPOUND_EYES, ABILITY_FRIEND_GUARD","ABILITY_TINTED_LENS, ABILITY_WINDCALLER, ABILITY_MANEUVERABILITY","ABILITY_COMPOUND_EYES, ABILITY_SHIELD_DUST, ABILITY_TINTED_LENS",implementado (override do usuario),"Sugestao original da planilha (COMPOUND_EYES, SHIELD_DUST, TINTED_LENS) duplicava abilities naturais reais (SHIELD_DUST, COMPOUND_EYES); usuario definiu novo conjunto sem conflito: TINTED_LENS, WINDCALLER, MANEUVERABILITY."
134,666,6,SCATTERBUG,VIVILLON_MARINE,SPECIES_VIVILLON_MARINE,src/data/pokemon/species_info/gen_6_families.h,macro,VIVILLON_MISC_INFO,"ABILITY_SHIELD_DUST, ABILITY_COMPOUND_EYES, ABILITY_FRIEND_GUARD","ABILITY_TINTED_LENS, ABILITY_WINDCALLER, ABILITY_MANEUVERABILITY","ABILITY_COMPOUND_EYES, ABILITY_SHIELD_DUST, ABILITY_TINTED_LENS",implementado (override do usuario),"Sugestao original da planilha (COMPOUND_EYES, SHIELD_DUST, TINTED_LENS) duplicava abilities naturais reais (SHIELD_DUST, COMPOUND_EYES); usuario definiu novo conjunto sem conflito: TINTED_LENS, WINDCALLER, MANEUVERABILITY."
135,666,6,SCATTERBUG,VIVILLON_MEADOW,SPECIES_VIVILLON_MEADOW,src/data/pokemon/species_info/gen_6_families.h,macro,VIVILLON_MISC_INFO,"ABILITY_SHIELD_DUST, ABILITY_COMPOUND_EYES, ABILITY_FRIEND_GUARD","ABILITY_TINTED_LENS, ABILITY_WINDCALLER, ABILITY_MANEUVERABILITY","ABILITY_COMPOUND_EYES, ABILITY_SHIELD_DUST, ABILITY_TINTED_LENS",implementado (override do usuario),"Sugestao original da planilha (COMPOUND_EYES, SHIELD_DUST, TINTED_LENS) duplicava abilities naturais reais (SHIELD_DUST, COMPOUND_EYES); usuario definiu novo conjunto sem conflito: TINTED_LENS, WINDCALLER, MANEUVERABILITY."
136,666,6,SCATTERBUG,VIVILLON_MODERN,SPECIES_VIVILLON_MODERN,src/data/pokemon/species_info/gen_6_families.h,macro,VIVILLON_MISC_INFO,"ABILITY_SHIELD_DUST, ABILITY_COMPOUND_EYES, ABILITY_FRIEND_GUARD","ABILITY_TINTED_LENS, ABILITY_WINDCALLER, ABILITY_MANEUVERABILITY","ABILITY_COMPOUND_EYES, ABILITY_SHIELD_DUST, ABILITY_TINTED_LENS",implementado (override do usuario),"Sugestao original da planilha (COMPOUND_EYES, SHIELD_DUST, TINTED_LENS) duplicava abilities naturais reais (SHIELD_DUST, COMPOUND_EYES); usuario definiu novo conjunto sem conflito: TINTED_LENS, WINDCALLER, MANEUVERABILITY."
137,666,6,SCATTERBUG,VIVILLON_MONSOON,SPECIES_VIVILLON_MONSOON,src/data/pokemon/species_info/gen_6_families.h,macro,VIVILLON_MISC_INFO,"ABILITY_SHIELD_DUST, ABILITY_COMPOUND_EYES, ABILITY_FRIEND_GUARD","ABILITY_TINTED_LENS, ABILITY_WINDCALLER, ABILITY_MANEUVERABILITY","ABILITY_COMPOUND_EYES, ABILITY_SHIELD_DUST, ABILITY_TINTED_LENS",implementado (override do usuario),"Sugestao original da planilha (COMPOUND_EYES, SHIELD_DUST, TINTED_LENS) duplicava abilities naturais reais (SHIELD_DUST, COMPOUND_EYES); usuario definiu novo conjunto sem conflito: TINTED_LENS, WINDCALLER, MANEUVERABILITY."
138,666,6,SCATTERBUG,VIVILLON_OCEAN,SPECIES_VIVILLON_OCEAN,src/data/pokemon/species_info/gen_6_families.h,macro,VIVILLON_MISC_INFO,"ABILITY_SHIELD_DUST, ABILITY_COMPOUND_EYES, ABILITY_FRIEND_GUARD","ABILITY_TINTED_LENS, ABILITY_WINDCALLER, ABILITY_MANEUVERABILITY","ABILITY_COMPOUND_EYES, ABILITY_SHIELD_DUST, ABILITY_TINTED_LENS",implementado (override do usuario),"Sugestao original da planilha (COMPOUND_EYES, SHIELD_DUST, TINTED_LENS) duplicava abilities naturais reais (SHIELD_DUST, COMPOUND_EYES); usuario definiu novo conjunto sem conflito: TINTED_LENS, WINDCALLER, MANEUVERABILITY."
139,666,6,SCATTERBUG,VIVILLON_POKEBALL,SPECIES_VIVILLON_POKEBALL,src/data/pokemon/species_info/gen_6_families.h,macro,VIVILLON_MISC_INFO,"ABILITY_SHIELD_DUST, ABILITY_COMPOUND_EYES, ABILITY_FRIEND_GUARD","ABILITY_TINTED_LENS, ABILITY_WINDCALLER, ABILITY_MANEUVERABILITY","ABILITY_COMPOUND_EYES, ABILITY_SHIELD_DUST, ABILITY_TINTED_LENS",implementado (override do usuario),"Sugestao original da planilha (COMPOUND_EYES, SHIELD_DUST, TINTED_LENS) duplicava abilities naturais reais (SHIELD_DUST, COMPOUND_EYES); usuario definiu novo conjunto sem conflito: TINTED_LENS, WINDCALLER, MANEUVERABILITY."
140,666,6,SCATTERBUG,VIVILLON_POLAR,SPECIES_VIVILLON_POLAR,src/data/pokemon/species_info/gen_6_families.h,macro,VIVILLON_MISC_INFO,"ABILITY_SHIELD_DUST, ABILITY_COMPOUND_EYES, ABILITY_FRIEND_GUARD","ABILITY_TINTED_LENS, ABILITY_WINDCALLER, ABILITY_MANEUVERABILITY","ABILITY_COMPOUND_EYES, ABILITY_SHIELD_DUST, ABILITY_TINTED_LENS",implementado (override do usuario),"Sugestao original da planilha (COMPOUND_EYES, SHIELD_DUST, TINTED_LENS) duplicava abilities naturais reais (SHIELD_DUST, COMPOUND_EYES); usuario definiu novo conjunto sem conflito: TINTED_LENS, WINDCALLER, MANEUVERABILITY."
141,666,6,SCATTERBUG,VIVILLON_RIVER,SPECIES_VIVILLON_RIVER,src/data/pokemon/species_info/gen_6_families.h,macro,VIVILLON_MISC_INFO,"ABILITY_SHIELD_DUST, ABILITY_COMPOUND_EYES, ABILITY_FRIEND_GUARD","ABILITY_TINTED_LENS, ABILITY_WINDCALLER, ABILITY_MANEUVERABILITY","ABILITY_COMPOUND_EYES, ABILITY_SHIELD_DUST, ABILITY_TINTED_LENS",implementado (override do usuario),"Sugestao original da planilha (COMPOUND_EYES, SHIELD_DUST, TINTED_LENS) duplicava abilities naturais reais (SHIELD_DUST, COMPOUND_EYES); usuario definiu novo conjunto sem conflito: TINTED_LENS, WINDCALLER, MANEUVERABILITY."
142,666,6,SCATTERBUG,VIVILLON_SANDSTORM,SPECIES_VIVILLON_SANDSTORM,src/data/pokemon/species_info/gen_6_families.h,macro,VIVILLON_MISC_INFO,"ABILITY_SHIELD_DUST, ABILITY_COMPOUND_EYES, ABILITY_FRIEND_GUARD","ABILITY_TINTED_LENS, ABILITY_WINDCALLER, ABILITY_MANEUVERABILITY","ABILITY_COMPOUND_EYES, ABILITY_SHIELD_DUST, ABILITY_TINTED_LENS",implementado (override do usuario),"Sugestao original da planilha (COMPOUND_EYES, SHIELD_DUST, TINTED_LENS) duplicava abilities naturais reais (SHIELD_DUST, COMPOUND_EYES); usuario definiu novo conjunto sem conflito: TINTED_LENS, WINDCALLER, MANEUVERABILITY."
143,666,6,SCATTERBUG,VIVILLON_SAVANNA,SPECIES_VIVILLON_SAVANNA,src/data/pokemon/species_info/gen_6_families.h,macro,VIVILLON_MISC_INFO,"ABILITY_SHIELD_DUST, ABILITY_COMPOUND_EYES, ABILITY_FRIEND_GUARD","ABILITY_TINTED_LENS, ABILITY_WINDCALLER, ABILITY_MANEUVERABILITY","ABILITY_COMPOUND_EYES, ABILITY_SHIELD_DUST, ABILITY_TINTED_LENS",implementado (override do usuario),"Sugestao original da planilha (COMPOUND_EYES, SHIELD_DUST, TINTED_LENS) duplicava abilities naturais reais (SHIELD_DUST, COMPOUND_EYES); usuario definiu novo conjunto sem conflito: TINTED_LENS, WINDCALLER, MANEUVERABILITY."
144,666,6,SCATTERBUG,VIVILLON_SUN,SPECIES_VIVILLON_SUN,src/data/pokemon/species_info/gen_6_families.h,macro,VIVILLON_MISC_INFO,"ABILITY_SHIELD_DUST, ABILITY_COMPOUND_EYES, ABILITY_FRIEND_GUARD","ABILITY_TINTED_LENS, ABILITY_WINDCALLER, ABILITY_MANEUVERABILITY","ABILITY_COMPOUND_EYES, ABILITY_SHIELD_DUST, ABILITY_TINTED_LENS",implementado (override do usuario),"Sugestao original da planilha (COMPOUND_EYES, SHIELD_DUST, TINTED_LENS) duplicava abilities naturais reais (SHIELD_DUST, COMPOUND_EYES); usuario definiu novo conjunto sem conflito: TINTED_LENS, WINDCALLER, MANEUVERABILITY."
145,666,6,SCATTERBUG,VIVILLON_TUNDRA,SPECIES_VIVILLON_TUNDRA,src/data/pokemon/species_info/gen_6_families.h,macro,VIVILLON_MISC_INFO,"ABILITY_SHIELD_DUST, ABILITY_COMPOUND_EYES, ABILITY_FRIEND_GUARD","ABILITY_TINTED_LENS, ABILITY_WINDCALLER, ABILITY_MANEUVERABILITY","ABILITY_COMPOUND_EYES, ABILITY_SHIELD_DUST, ABILITY_TINTED_LENS",implementado (override do usuario),"Sugestao original da planilha (COMPOUND_EYES, SHIELD_DUST, TINTED_LENS) duplicava abilities naturais reais (SHIELD_DUST, COMPOUND_EYES); usuario definiu novo conjunto sem conflito: TINTED_LENS, WINDCALLER, MANEUVERABILITY."
146,674,6,PANCHAM,Pancham,SPECIES_PANCHAM,src/data/pokemon/species_info/gen_6_families.h,direct,SPECIES_PANCHAM,"ABILITY_IRON_FIST, ABILITY_MOLD_BREAKER, ABILITY_SCRAPPY",ABILITY_GUTS,ABILITY_GUTS,implementado,
147,675,6,PANCHAM,Pangoro,SPECIES_PANGORO,src/data/pokemon/species_info/gen_6_families.h,direct,SPECIES_PANGORO,"ABILITY_IRON_FIST, ABILITY_MOLD_BREAKER, ABILITY_SCRAPPY","ABILITY_GUTS, ABILITY_DEFIANT, ABILITY_BREAKING_PRESENCE","ABILITY_GUTS, ABILITY_DEFIANT, ABILITY_BREAKING_PRESENCE",implementado,
148,676,6,FURFROU,FURFROU_DANDY,SPECIES_FURFROU_DANDY,src/data/pokemon/species_info/gen_6_families.h,macro,FURFROU_MISC_INFO,"ABILITY_FUR_COAT, ABILITY_NONE, ABILITY_NONE","ABILITY_DAZZLING, ABILITY_TRUE_GRIT, ABILITY_GENERALIST","ABILITY_DAZZLING, ABILITY_TRUE_GRIT, ABILITY_GENERALIST",implementado,
149,676,6,FURFROU,FURFROU_DEBUTANTE,SPECIES_FURFROU_DEBUTANTE,src/data/pokemon/species_info/gen_6_families.h,macro,FURFROU_MISC_INFO,"ABILITY_FUR_COAT, ABILITY_NONE, ABILITY_NONE","ABILITY_DAZZLING, ABILITY_TRUE_GRIT, ABILITY_GENERALIST","ABILITY_DAZZLING, ABILITY_TRUE_GRIT, ABILITY_GENERALIST",implementado,
150,676,6,FURFROU,FURFROU_DIAMOND,SPECIES_FURFROU_DIAMOND,src/data/pokemon/species_info/gen_6_families.h,macro,FURFROU_MISC_INFO,"ABILITY_FUR_COAT, ABILITY_NONE, ABILITY_NONE","ABILITY_DAZZLING, ABILITY_TRUE_GRIT, ABILITY_GENERALIST","ABILITY_DAZZLING, ABILITY_TRUE_GRIT, ABILITY_GENERALIST",implementado,
151,676,6,FURFROU,FURFROU_HEART,SPECIES_FURFROU_HEART,src/data/pokemon/species_info/gen_6_families.h,macro,FURFROU_MISC_INFO,"ABILITY_FUR_COAT, ABILITY_NONE, ABILITY_NONE","ABILITY_DAZZLING, ABILITY_TRUE_GRIT, ABILITY_GENERALIST","ABILITY_DAZZLING, ABILITY_TRUE_GRIT, ABILITY_GENERALIST",implementado,
152,676,6,FURFROU,FURFROU_KABUKI,SPECIES_FURFROU_KABUKI,src/data/pokemon/species_info/gen_6_families.h,macro,FURFROU_MISC_INFO,"ABILITY_FUR_COAT, ABILITY_NONE, ABILITY_NONE","ABILITY_DAZZLING, ABILITY_TRUE_GRIT, ABILITY_GENERALIST","ABILITY_DAZZLING, ABILITY_TRUE_GRIT, ABILITY_GENERALIST",implementado,
153,676,6,FURFROU,FURFROU_LA_REINE,SPECIES_FURFROU_LA_REINE,src/data/pokemon/species_info/gen_6_families.h,macro,FURFROU_MISC_INFO,"ABILITY_FUR_COAT, ABILITY_NONE, ABILITY_NONE","ABILITY_DAZZLING, ABILITY_TRUE_GRIT, ABILITY_GENERALIST","ABILITY_DAZZLING, ABILITY_TRUE_GRIT, ABILITY_GENERALIST",implementado,
154,676,6,FURFROU,FURFROU_MATRON,SPECIES_FURFROU_MATRON,src/data/pokemon/species_info/gen_6_families.h,macro,FURFROU_MISC_INFO,"ABILITY_FUR_COAT, ABILITY_NONE, ABILITY_NONE","ABILITY_DAZZLING, ABILITY_TRUE_GRIT, ABILITY_GENERALIST","ABILITY_DAZZLING, ABILITY_TRUE_GRIT, ABILITY_GENERALIST",implementado,
155,676,6,FURFROU,FURFROU_NATURAL,SPECIES_FURFROU_NATURAL,src/data/pokemon/species_info/gen_6_families.h,macro,FURFROU_MISC_INFO,"ABILITY_FUR_COAT, ABILITY_NONE, ABILITY_NONE","ABILITY_DAZZLING, ABILITY_TRUE_GRIT, ABILITY_GENERALIST","ABILITY_DAZZLING, ABILITY_TRUE_GRIT, ABILITY_GENERALIST",implementado,
156,676,6,FURFROU,FURFROU_PHARAOH,SPECIES_FURFROU_PHARAOH,src/data/pokemon/species_info/gen_6_families.h,macro,FURFROU_MISC_INFO,"ABILITY_FUR_COAT, ABILITY_NONE, ABILITY_NONE","ABILITY_DAZZLING, ABILITY_TRUE_GRIT, ABILITY_GENERALIST","ABILITY_DAZZLING, ABILITY_TRUE_GRIT, ABILITY_GENERALIST",implementado,
157,676,6,FURFROU,FURFROU_STAR,SPECIES_FURFROU_STAR,src/data/pokemon/species_info/gen_6_families.h,macro,FURFROU_MISC_INFO,"ABILITY_FUR_COAT, ABILITY_NONE, ABILITY_NONE","ABILITY_DAZZLING, ABILITY_TRUE_GRIT, ABILITY_GENERALIST","ABILITY_DAZZLING, ABILITY_TRUE_GRIT, ABILITY_GENERALIST",implementado,
158,682,6,SPRITZEE,Spritzee,SPECIES_SPRITZEE,src/data/pokemon/species_info/gen_6_families.h,direct,SPECIES_SPRITZEE,"ABILITY_HEALER, ABILITY_NONE, ABILITY_AROMA_VEIL",ABILITY_FRIEND_GUARD,ABILITY_FRIEND_GUARD,implementado,
159,683,6,SPRITZEE,Aromatisse,SPECIES_AROMATISSE,src/data/pokemon/species_info/gen_6_families.h,direct,SPECIES_AROMATISSE,"ABILITY_HEALER, ABILITY_NONE, ABILITY_AROMA_VEIL","ABILITY_REGENERATOR, ABILITY_SOOTHING, ABILITY_FRIEND_GUARD","ABILITY_REGENERATOR, ABILITY_SOOTHING, ABILITY_FRIEND_GUARD",implementado,
160,684,6,SWIRLIX,Swirlix,SPECIES_SWIRLIX,src/data/pokemon/species_info/gen_6_families.h,direct,SPECIES_SWIRLIX,"ABILITY_SWEET_VEIL, ABILITY_NONE, ABILITY_UNBURDEN",ABILITY_FRIEND_GUARD,ABILITY_FRIEND_GUARD,implementado,
161,685,6,SWIRLIX,Slurpuff,SPECIES_SLURPUFF,src/data/pokemon/species_info/gen_6_families.h,direct,SPECIES_SLURPUFF,"ABILITY_SWEET_VEIL, ABILITY_NONE, ABILITY_UNBURDEN","ABILITY_GLUTTONY, ABILITY_FRIEND_GUARD, ABILITY_SOOTHING","ABILITY_GLUTTONY, ABILITY_FRIEND_GUARD, ABILITY_SOOTHING",implementado,
162,694,6,HELIOPTILE,Helioptile,SPECIES_HELIOPTILE,src/data/pokemon/species_info/gen_6_families.h,direct,SPECIES_HELIOPTILE,"ABILITY_DRY_SKIN, ABILITY_SAND_VEIL, ABILITY_SOLAR_POWER",ABILITY_MOTOR_DRIVE,ABILITY_MOTOR_DRIVE,implementado,
163,695,6,HELIOPTILE,Heliolisk,SPECIES_HELIOLISK,src/data/pokemon/species_info/gen_6_families.h,direct,SPECIES_HELIOLISK,"ABILITY_DRY_SKIN, ABILITY_SAND_VEIL, ABILITY_SOLAR_POWER","ABILITY_MOTOR_DRIVE, ABILITY_LIGHTNING_ROD, ABILITY_VOLT_ABSORB","ABILITY_MOTOR_DRIVE, ABILITY_LIGHTNING_ROD, ABILITY_VOLT_ABSORB",implementado,
164,702,6,DEDENNE,Dedenne,SPECIES_DEDENNE,src/data/pokemon/species_info/gen_6_families.h,direct,SPECIES_DEDENNE,"ABILITY_CHEEK_POUCH, ABILITY_PICKUP, ABILITY_PLUS","ABILITY_FRIEND_GUARD, ABILITY_MOTOR_DRIVE, ABILITY_LIGHTNING_ROD","ABILITY_FRIEND_GUARD, ABILITY_MOTOR_DRIVE, ABILITY_LIGHTNING_ROD",implementado,
165,703,6,CARBINK,Carbink,SPECIES_CARBINK,src/data/pokemon/species_info/gen_6_families.h,direct,SPECIES_CARBINK,"ABILITY_CLEAR_BODY, ABILITY_NONE, ABILITY_STURDY","ABILITY_FILTER, ABILITY_SOLID_ROCK, ABILITY_ROCK_AND_STONE","ABILITY_FILTER, ABILITY_SOLID_ROCK, ABILITY_ROCK_AND_STONE",implementado,
166,710,6,PUMPKABOO,Pumpkaboo,SPECIES_PUMPKABOO_AVERAGE,src/data/pokemon/species_info/gen_6_families.h,direct,SPECIES_PUMPKABOO_AVERAGE,"ABILITY_PICKUP, ABILITY_FRISK, ABILITY_INSOMNIA",ABILITY_CURSED_BODY,ABILITY_CURSED_BODY,implementado,
167,710,6,PUMPKABOO,Pumpkaboo,SPECIES_PUMPKABOO_LARGE,src/data/pokemon/species_info/gen_6_families.h,direct,SPECIES_PUMPKABOO_LARGE,"ABILITY_PICKUP, ABILITY_FRISK, ABILITY_INSOMNIA",ABILITY_CURSED_BODY,ABILITY_CURSED_BODY,implementado,
168,710,6,PUMPKABOO,Pumpkaboo,SPECIES_PUMPKABOO_SMALL,src/data/pokemon/species_info/gen_6_families.h,direct,SPECIES_PUMPKABOO_SMALL,"ABILITY_PICKUP, ABILITY_FRISK, ABILITY_INSOMNIA",ABILITY_CURSED_BODY,ABILITY_CURSED_BODY,implementado,
169,710,6,PUMPKABOO,Pumpkaboo,SPECIES_PUMPKABOO_SUPER,src/data/pokemon/species_info/gen_6_families.h,direct,SPECIES_PUMPKABOO_SUPER,"ABILITY_PICKUP, ABILITY_FRISK, ABILITY_INSOMNIA",ABILITY_CURSED_BODY,ABILITY_CURSED_BODY,implementado,
170,711,6,PUMPKABOO,Gourgeist,SPECIES_GOURGEIST_AVERAGE,src/data/pokemon/species_info/gen_6_families.h,direct,SPECIES_GOURGEIST_AVERAGE,"ABILITY_PICKUP, ABILITY_FRISK, ABILITY_INSOMNIA","ABILITY_HARVEST, ABILITY_FLUFFY, ABILITY_CURSED_BODY","ABILITY_HARVEST, ABILITY_FLUFFY, ABILITY_CURSED_BODY",implementado,
171,711,6,PUMPKABOO,Gourgeist,SPECIES_GOURGEIST_LARGE,src/data/pokemon/species_info/gen_6_families.h,direct,SPECIES_GOURGEIST_LARGE,"ABILITY_PICKUP, ABILITY_FRISK, ABILITY_INSOMNIA","ABILITY_HARVEST, ABILITY_FLUFFY, ABILITY_CURSED_BODY","ABILITY_HARVEST, ABILITY_FLUFFY, ABILITY_CURSED_BODY",implementado,
172,711,6,PUMPKABOO,Gourgeist,SPECIES_GOURGEIST_SMALL,src/data/pokemon/species_info/gen_6_families.h,direct,SPECIES_GOURGEIST_SMALL,"ABILITY_PICKUP, ABILITY_FRISK, ABILITY_INSOMNIA","ABILITY_HARVEST, ABILITY_FLUFFY, ABILITY_CURSED_BODY","ABILITY_HARVEST, ABILITY_FLUFFY, ABILITY_CURSED_BODY",implementado,
173,711,6,PUMPKABOO,Gourgeist,SPECIES_GOURGEIST_SUPER,src/data/pokemon/species_info/gen_6_families.h,direct,SPECIES_GOURGEIST_SUPER,"ABILITY_PICKUP, ABILITY_FRISK, ABILITY_INSOMNIA","ABILITY_HARVEST, ABILITY_FLUFFY, ABILITY_CURSED_BODY","ABILITY_HARVEST, ABILITY_FLUFFY, ABILITY_CURSED_BODY",implementado,
174,774,7,MINIOR,MINIOR_CORE_BLUE,SPECIES_MINIOR_CORE_BLUE,src/data/pokemon/species_info/gen_7_families.h,macro,MINIOR_MISC_INFO,"ABILITY_SHIELDS_DOWN, ABILITY_NONE, ABILITY_NONE","ABILITY_COSMIC_FORM, ABILITY_LEVITATE, ABILITY_ADAPTABILITY","ABILITY_COSMIC_FORM, ABILITY_LEVITATE, ABILITY_ADAPTABILITY",implementado,
175,774,7,MINIOR,MINIOR_CORE_GREEN,SPECIES_MINIOR_CORE_GREEN,src/data/pokemon/species_info/gen_7_families.h,macro,MINIOR_MISC_INFO,"ABILITY_SHIELDS_DOWN, ABILITY_NONE, ABILITY_NONE","ABILITY_COSMIC_FORM, ABILITY_LEVITATE, ABILITY_ADAPTABILITY","ABILITY_COSMIC_FORM, ABILITY_LEVITATE, ABILITY_ADAPTABILITY",implementado,
176,774,7,MINIOR,MINIOR_CORE_INDIGO,SPECIES_MINIOR_CORE_INDIGO,src/data/pokemon/species_info/gen_7_families.h,macro,MINIOR_MISC_INFO,"ABILITY_SHIELDS_DOWN, ABILITY_NONE, ABILITY_NONE","ABILITY_COSMIC_FORM, ABILITY_LEVITATE, ABILITY_ADAPTABILITY","ABILITY_COSMIC_FORM, ABILITY_LEVITATE, ABILITY_ADAPTABILITY",implementado,
177,774,7,MINIOR,MINIOR_CORE_ORANGE,SPECIES_MINIOR_CORE_ORANGE,src/data/pokemon/species_info/gen_7_families.h,macro,MINIOR_MISC_INFO,"ABILITY_SHIELDS_DOWN, ABILITY_NONE, ABILITY_NONE","ABILITY_COSMIC_FORM, ABILITY_LEVITATE, ABILITY_ADAPTABILITY","ABILITY_COSMIC_FORM, ABILITY_LEVITATE, ABILITY_ADAPTABILITY",implementado,
178,774,7,MINIOR,MINIOR_CORE_RED,SPECIES_MINIOR_CORE_RED,src/data/pokemon/species_info/gen_7_families.h,macro,MINIOR_MISC_INFO,"ABILITY_SHIELDS_DOWN, ABILITY_NONE, ABILITY_NONE","ABILITY_COSMIC_FORM, ABILITY_LEVITATE, ABILITY_ADAPTABILITY","ABILITY_COSMIC_FORM, ABILITY_LEVITATE, ABILITY_ADAPTABILITY",implementado,
179,774,7,MINIOR,MINIOR_CORE_VIOLET,SPECIES_MINIOR_CORE_VIOLET,src/data/pokemon/species_info/gen_7_families.h,macro,MINIOR_MISC_INFO,"ABILITY_SHIELDS_DOWN, ABILITY_NONE, ABILITY_NONE","ABILITY_COSMIC_FORM, ABILITY_LEVITATE, ABILITY_ADAPTABILITY","ABILITY_COSMIC_FORM, ABILITY_LEVITATE, ABILITY_ADAPTABILITY",implementado,
180,774,7,MINIOR,MINIOR_CORE_YELLOW,SPECIES_MINIOR_CORE_YELLOW,src/data/pokemon/species_info/gen_7_families.h,macro,MINIOR_MISC_INFO,"ABILITY_SHIELDS_DOWN, ABILITY_NONE, ABILITY_NONE","ABILITY_COSMIC_FORM, ABILITY_LEVITATE, ABILITY_ADAPTABILITY","ABILITY_COSMIC_FORM, ABILITY_LEVITATE, ABILITY_ADAPTABILITY",implementado,
181,774,7,MINIOR,MINIOR_METEOR_BLUE,SPECIES_MINIOR_METEOR_BLUE,src/data/pokemon/species_info/gen_7_families.h,macro,MINIOR_MISC_INFO,"ABILITY_SHIELDS_DOWN, ABILITY_NONE, ABILITY_NONE","ABILITY_COSMIC_FORM, ABILITY_LEVITATE, ABILITY_ADAPTABILITY","ABILITY_COSMIC_FORM, ABILITY_LEVITATE, ABILITY_ADAPTABILITY",implementado,
182,774,7,MINIOR,MINIOR_METEOR_GREEN,SPECIES_MINIOR_METEOR_GREEN,src/data/pokemon/species_info/gen_7_families.h,macro,MINIOR_MISC_INFO,"ABILITY_SHIELDS_DOWN, ABILITY_NONE, ABILITY_NONE","ABILITY_COSMIC_FORM, ABILITY_LEVITATE, ABILITY_ADAPTABILITY","ABILITY_COSMIC_FORM, ABILITY_LEVITATE, ABILITY_ADAPTABILITY",implementado,
183,774,7,MINIOR,MINIOR_METEOR_INDIGO,SPECIES_MINIOR_METEOR_INDIGO,src/data/pokemon/species_info/gen_7_families.h,macro,MINIOR_MISC_INFO,"ABILITY_SHIELDS_DOWN, ABILITY_NONE, ABILITY_NONE","ABILITY_COSMIC_FORM, ABILITY_LEVITATE, ABILITY_ADAPTABILITY","ABILITY_COSMIC_FORM, ABILITY_LEVITATE, ABILITY_ADAPTABILITY",implementado,
184,774,7,MINIOR,MINIOR_METEOR_ORANGE,SPECIES_MINIOR_METEOR_ORANGE,src/data/pokemon/species_info/gen_7_families.h,macro,MINIOR_MISC_INFO,"ABILITY_SHIELDS_DOWN, ABILITY_NONE, ABILITY_NONE","ABILITY_COSMIC_FORM, ABILITY_LEVITATE, ABILITY_ADAPTABILITY","ABILITY_COSMIC_FORM, ABILITY_LEVITATE, ABILITY_ADAPTABILITY",implementado,
185,774,7,MINIOR,MINIOR_METEOR_RED,SPECIES_MINIOR_METEOR_RED,src/data/pokemon/species_info/gen_7_families.h,macro,MINIOR_MISC_INFO,"ABILITY_SHIELDS_DOWN, ABILITY_NONE, ABILITY_NONE","ABILITY_COSMIC_FORM, ABILITY_LEVITATE, ABILITY_ADAPTABILITY","ABILITY_COSMIC_FORM, ABILITY_LEVITATE, ABILITY_ADAPTABILITY",implementado,
186,774,7,MINIOR,MINIOR_METEOR_VIOLET,SPECIES_MINIOR_METEOR_VIOLET,src/data/pokemon/species_info/gen_7_families.h,macro,MINIOR_MISC_INFO,"ABILITY_SHIELDS_DOWN, ABILITY_NONE, ABILITY_NONE","ABILITY_COSMIC_FORM, ABILITY_LEVITATE, ABILITY_ADAPTABILITY","ABILITY_COSMIC_FORM, ABILITY_LEVITATE, ABILITY_ADAPTABILITY",implementado,
187,774,7,MINIOR,MINIOR_METEOR_YELLOW,SPECIES_MINIOR_METEOR_YELLOW,src/data/pokemon/species_info/gen_7_families.h,macro,MINIOR_MISC_INFO,"ABILITY_SHIELDS_DOWN, ABILITY_NONE, ABILITY_NONE","ABILITY_COSMIC_FORM, ABILITY_LEVITATE, ABILITY_ADAPTABILITY","ABILITY_COSMIC_FORM, ABILITY_LEVITATE, ABILITY_ADAPTABILITY",implementado,
