Familia,FlagConfig,Geracao,DexRange,NumEspecies,Membros,Flag,Tipos,InnatesCompletos,InnatesRatio,GruposOvo,JaReferenciado,Evidencia
SPEAROW,P_FAMILY_SPEAROW,1,21-22,2,"Spearow, Fearow",Comum,"NORMAL, FLYING",Sim,2/2,EGG_GROUP_FLYING,script_gift_var,src/data/pokemon/species_info/gen_1_families.h:2582
PARAS,P_FAMILY_PARAS,1,46-47,2,"Paras, Parasect",Comum,"BUG, GRASS",Sim,2/2,"EGG_GROUP_BUG, EGG_GROUP_GRASS",,src/data/pokemon/species_info/gen_1_families.h:6701
VENONAT,P_FAMILY_VENONAT,1,48-49,2,"Venonat, Venomoth",Comum,"BUG, POISON",Sim,2/2,EGG_GROUP_BUG,,src/data/pokemon/species_info/gen_1_families.h:6876
PSYDUCK,P_FAMILY_PSYDUCK,1,54-55,2,"Psyduck, Golduck",Comum,WATER,Sim,2/2,"EGG_GROUP_WATER_1, EGG_GROUP_FIELD",,src/data/pokemon/species_info/gen_1_families.h:7887
DODUO,P_FAMILY_DODUO,1,84-85,2,"Doduo, Dodrio",Comum,"NORMAL, FLYING",Sim,2/2,EGG_GROUP_FLYING,,src/data/pokemon/species_info/gen_1_families.h:11768
DROWZEE,P_FAMILY_DROWZEE,1,96-97,2,"Drowzee, Hypno",Comum,PSYCHIC,Sim,2/2,EGG_GROUP_HUMAN_LIKE,,src/data/pokemon/species_info/gen_1_families.h:13200
KRABBY,P_FAMILY_KRABBY,1,98-99,2,"Krabby, Kingler",Comum,WATER,Sim,2/2,EGG_GROUP_WATER_3,,src/data/pokemon/species_info/gen_1_families.h:13374
GOLDEEN,P_FAMILY_GOLDEEN,1,118-119,2,"Goldeen, Seaking",Comum,WATER,Sim,2/2,EGG_GROUP_WATER_2,,src/data/pokemon/species_info/gen_1_families.h:16196
JYNX,P_FAMILY_JYNX,1,124-238,2,"Jynx, Smoochum",Comum,"ICE, PSYCHIC",Sim,2/2,EGG_GROUP_HUMAN_LIKE,,src/data/pokemon/species_info/gen_1_families.h:17326
OMANYTE,P_FAMILY_OMANYTE,1,138-139,2,"Omanyte, Omastar",Comum,"ROCK, WATER",Sim,2/2,"EGG_GROUP_WATER_1, EGG_GROUP_WATER_3",script_gift; script_gift_var,src/data/pokemon/species_info/gen_1_families.h:19843
SENTRET,P_FAMILY_SENTRET,2,161-162,2,"Sentret, Furret",Comum,NORMAL,Sim,2/2,EGG_GROUP_FIELD,gacha,src/data/pokemon/species_info/gen_2_families.h:951
LEDYBA,P_FAMILY_LEDYBA,2,165-166,2,"Ledyba, Ledian",Comum,"BUG, FLYING",Sim,2/2,EGG_GROUP_BUG,,src/data/pokemon/species_info/gen_2_families.h:1254
SUNKERN,P_FAMILY_SUNKERN,2,191-192,2,"Sunkern, Sunflora",Comum,GRASS,Sim,2/2,EGG_GROUP_GRASS,,src/data/pokemon/species_info/gen_2_families.h:3271
PINECO,P_FAMILY_PINECO,2,204-205,2,"Pineco, Forretress",Comum,BUG,Sim,2/2,EGG_GROUP_BUG,,src/data/pokemon/species_info/gen_2_families.h:4675
SNUBBULL,P_FAMILY_SNUBBULL,2,209-210,2,"Snubbull, Granbull",Comum,FAIRY,Sim,2/2,"EGG_GROUP_FIELD, EGG_GROUP_FAIRY",,src/data/pokemon/species_info/gen_2_families.h:5207
SHUCKLE,P_FAMILY_SHUCKLE,2,213,1,Shuckle,Comum,"BUG, ROCK",Sim,1/1,EGG_GROUP_BUG,script_gift_var,src/data/pokemon/species_info/gen_2_families.h:5587
SLUGMA,P_FAMILY_SLUGMA,2,218-219,2,"Slugma, Magcargo",Comum,FIRE,Sim,2/2,EGG_GROUP_AMORPHOUS,,src/data/pokemon/species_info/gen_2_families.h:6468
REMORAID,P_FAMILY_REMORAID,2,223-224,2,"Remoraid, Octillery",Comum,WATER,Sim,2/2,"EGG_GROUP_WATER_1, EGG_GROUP_WATER_2",gacha,src/data/pokemon/species_info/gen_2_families.h:7102
SMEARGLE,P_FAMILY_SMEARGLE,2,235,1,Smeargle,Comum,NORMAL,Sim,1/1,EGG_GROUP_FIELD,,src/data/pokemon/species_info/gen_2_families.h:8176
POOCHYENA,P_FAMILY_POOCHYENA,3,261-262,2,"Poochyena, Mightyena",Comum,DARK,Sim,2/2,EGG_GROUP_FIELD,,src/data/pokemon/species_info/gen_3_families.h:959
WURMPLE,P_FAMILY_WURMPLE,3,265-269,5,"Wurmple, Silcoon, Beautifly, Cascoon, Dustox",Comum,BUG,Sim,5/5,EGG_GROUP_BUG,,src/data/pokemon/species_info/gen_3_families.h:1491
LOTAD,P_FAMILY_LOTAD,3,270-272,3,"Lotad, Lombre, Ludicolo",Comum,"WATER, GRASS",Sim,3/3,"EGG_GROUP_WATER_1, EGG_GROUP_GRASS",gacha; script_gift,src/data/pokemon/species_info/gen_3_families.h:1932
SEEDOT,P_FAMILY_SEEDOT,3,273-275,3,"Seedot, Nuzleaf, Shiftry",Comum,GRASS,Sim,3/3,"EGG_GROUP_FIELD, EGG_GROUP_GRASS",gacha,src/data/pokemon/species_info/gen_3_families.h:2175
TAILLOW,P_FAMILY_TAILLOW,3,276-277,2,"Taillow, Swellow",Comum,"NORMAL, FLYING",Sim,2/2,EGG_GROUP_FLYING,,src/data/pokemon/species_info/gen_3_families.h:2439
SURSKIT,P_FAMILY_SURSKIT,3,283-284,2,"Surskit, Masquerain",Comum,"BUG, WATER",Sim,2/2,"EGG_GROUP_WATER_1, EGG_GROUP_BUG",,src/data/pokemon/species_info/gen_3_families.h:3306
SLAKOTH,P_FAMILY_SLAKOTH,3,287-289,3,"Slakoth, Vigoroth, Slaking",Comum,NORMAL,Sim,3/3,EGG_GROUP_FIELD,,src/data/pokemon/species_info/gen_3_families.h:3635
WHISMUR,P_FAMILY_WHISMUR,3,293-295,3,"Whismur, Loudred, Exploud",Comum,NORMAL,Sim,3/3,"EGG_GROUP_MONSTER, EGG_GROUP_FIELD",,src/data/pokemon/species_info/gen_3_families.h:4108
SKITTY,P_FAMILY_SKITTY,3,300-301,2,"Skitty, Delcatty",Comum,NORMAL,Sim,2/2,"EGG_GROUP_FIELD, EGG_GROUP_FAIRY",,src/data/pokemon/species_info/gen_3_families.h:4651
PLUSLE,P_FAMILY_PLUSLE,3,311,1,Plusle,Comum,ELECTRIC,Sim,1/1,EGG_GROUP_FAIRY,,src/data/pokemon/species_info/gen_3_families.h:5918
MINUN,P_FAMILY_MINUN,3,312,1,Minun,Comum,ELECTRIC,Sim,1/1,EGG_GROUP_FAIRY,,src/data/pokemon/species_info/gen_3_families.h:5998
VOLBEAT_ILLUMISE,P_FAMILY_VOLBEAT_ILLUMISE,3,313-314,2,"Volbeat, Illumise",Comum,BUG,Sim,2/2,"EGG_GROUP_BUG, EGG_GROUP_HUMAN_LIKE",,src/data/pokemon/species_info/gen_3_families.h:6078
GULPIN,P_FAMILY_GULPIN,3,316-317,2,"Gulpin, Swalot",Comum,POISON,Sim,2/2,EGG_GROUP_AMORPHOUS,,src/data/pokemon/species_info/gen_3_families.h:6504
WAILMER,P_FAMILY_WAILMER,3,320-321,2,"Wailmer, Wailord",Comum,WATER,Sim,2/2,"EGG_GROUP_FIELD, EGG_GROUP_WATER_2",,src/data/pokemon/species_info/gen_3_families.h:6917
SPOINK,P_FAMILY_SPOINK,3,325-326,2,"Spoink, Grumpig",Comum,PSYCHIC,Sim,2/2,EGG_GROUP_FIELD,,src/data/pokemon/species_info/gen_3_families.h:7408
SPINDA,P_FAMILY_SPINDA,3,327,1,Spinda,Comum,NORMAL,Sim,1/1,"EGG_GROUP_FIELD, EGG_GROUP_HUMAN_LIKE",script_gift,src/data/pokemon/species_info/gen_3_families.h:7563
ZANGOOSE,P_FAMILY_ZANGOOSE,3,335,1,Zangoose,Comum,NORMAL,Sim,1/1,EGG_GROUP_FIELD,,src/data/pokemon/species_info/gen_3_families.h:8287
SEVIPER,P_FAMILY_SEVIPER,3,336,1,Seviper,Comum,POISON,Sim,1/1,"EGG_GROUP_FIELD, EGG_GROUP_DRAGON",,src/data/pokemon/species_info/gen_3_families.h:8366
LUNATONE,P_FAMILY_LUNATONE,3,337,1,Lunatone,Comum,"ROCK, PSYCHIC",Sim,1/1,EGG_GROUP_MINERAL,,src/data/pokemon/species_info/gen_3_families.h:8446
SOLROCK,P_FAMILY_SOLROCK,3,338,1,Solrock,Comum,"ROCK, PSYCHIC",Sim,1/1,EGG_GROUP_MINERAL,,src/data/pokemon/species_info/gen_3_families.h:8529
CORPHISH,P_FAMILY_CORPHISH,3,341-342,2,"Corphish, Crawdaunt",Comum,WATER,Sim,2/2,"EGG_GROUP_WATER_1, EGG_GROUP_WATER_3",,src/data/pokemon/species_info/gen_3_families.h:8785
ANORITH,P_FAMILY_ANORITH,3,347-348,2,"Anorith, Armaldo",Comum,"ROCK, BUG",Sim,2/2,EGG_GROUP_WATER_3,script_gift; script_gift_var,src/data/pokemon/species_info/gen_3_families.h:9254
CASTFORM,P_FAMILY_CASTFORM,3,351,1,Castform,Comum,NORMAL,Sim,1/1,"EGG_GROUP_FAIRY, EGG_GROUP_AMORPHOUS",gacha; script_gift,src/data/pokemon/species_info/gen_3_families.h:9593
KECLEON,P_FAMILY_KECLEON,3,352,1,Kecleon,Comum,NORMAL,Sim,1/1,EGG_GROUP_FIELD,static_battle,src/data/pokemon/species_info/gen_3_families.h:9926
CLAMPERL,P_FAMILY_CLAMPERL,3,366-368,3,"Clamperl, Huntail, Gorebyss",Comum,WATER,Sim,3/3,EGG_GROUP_WATER_1,gacha,src/data/pokemon/species_info/gen_3_families.h:11669
RELICANTH,P_FAMILY_RELICANTH,3,369,1,Relicanth,Comum,"WATER, ROCK",Sim,1/1,"EGG_GROUP_WATER_1, EGG_GROUP_WATER_2",gacha,src/data/pokemon/species_info/gen_3_families.h:11897
LUVDISC,P_FAMILY_LUVDISC,3,370,1,Luvdisc,Comum,WATER,Sim,1/1,EGG_GROUP_WATER_2,,src/data/pokemon/species_info/gen_3_families.h:11986
BIDOOF,P_FAMILY_BIDOOF,4,399-400,2,"Bidoof, Bibarel",Comum,NORMAL,Sim,2/2,"EGG_GROUP_WATER_1, EGG_GROUP_FIELD",,src/data/pokemon/species_info/gen_4_families.h:1024
KRICKETOT,P_FAMILY_KRICKETOT,4,401-402,2,"Kricketot, Kricketune",Comum,BUG,Sim,2/2,EGG_GROUP_BUG,,src/data/pokemon/species_info/gen_4_families.h:1196
CRANIDOS,P_FAMILY_CRANIDOS,4,408-409,2,"Cranidos, Rampardos",Comum,ROCK,Sim,2/2,EGG_GROUP_MONSTER,,src/data/pokemon/species_info/gen_4_families.h:1641
SHIELDON,P_FAMILY_SHIELDON,4,410-411,2,"Shieldon, Bastiodon",Comum,"ROCK, STEEL",Sim,2/2,EGG_GROUP_MONSTER,,src/data/pokemon/species_info/gen_4_families.h:1784
BURMY,P_FAMILY_BURMY,4,412-414,3,"Burmy, Wormadam, MOTHIM_PLANT",Comum,BUG,NÃO,2/3,EGG_GROUP_BUG,,src/data/pokemon/species_info/gen_4_families.h:1926
COMBEE,P_FAMILY_COMBEE,4,415-416,2,"Combee, Vespiquen",Comum,"BUG, FLYING",Sim,2/2,EGG_GROUP_BUG,,src/data/pokemon/species_info/gen_4_families.h:2414
CHERUBI,P_FAMILY_CHERUBI,4,420-421,2,"Cherubi, Cherrim",Comum,GRASS,Sim,2/2,"EGG_GROUP_FAIRY, EGG_GROUP_GRASS",,src/data/pokemon/species_info/gen_4_families.h:2838
GLAMEOW,P_FAMILY_GLAMEOW,4,431-432,2,"Glameow, Purugly",Comum,NORMAL,Sim,2/2,EGG_GROUP_FIELD,,src/data/pokemon/species_info/gen_4_families.h:3708
STUNKY,P_FAMILY_STUNKY,4,434-435,2,"Stunky, Skuntank",Comum,"POISON, DARK",Sim,2/2,EGG_GROUP_FIELD,,src/data/pokemon/species_info/gen_4_families.h:3854
BRONZOR,P_FAMILY_BRONZOR,4,436-437,2,"Bronzor, Bronzong",Comum,"STEEL, PSYCHIC",Sim,2/2,EGG_GROUP_MINERAL,,src/data/pokemon/species_info/gen_4_families.h:3998
CHATOT,P_FAMILY_CHATOT,4,441,1,Chatot,Comum,"NORMAL, FLYING",Sim,1/1,EGG_GROUP_FLYING,,src/data/pokemon/species_info/gen_4_families.h:4153
CROAGUNK,P_FAMILY_CROAGUNK,4,453-454,2,"Croagunk, Toxicroak",Comum,"POISON, FIGHTING",Sim,2/2,EGG_GROUP_HUMAN_LIKE,,src/data/pokemon/species_info/gen_4_families.h:5330
CARNIVINE,P_FAMILY_CARNIVINE,4,455,1,Carnivine,Comum,GRASS,Sim,1/1,EGG_GROUP_GRASS,,src/data/pokemon/species_info/gen_4_families.h:5503
PATRAT,P_FAMILY_PATRAT,5,504-505,2,"Patrat, Watchog",Comum,NORMAL,NÃO,0/2,EGG_GROUP_FIELD,,src/data/pokemon/species_info/gen_5_families.h:887
LILLIPUP,P_FAMILY_LILLIPUP,5,506-508,3,"Lillipup, Herdier, Stoutland",Comum,NORMAL,NÃO,0/3,EGG_GROUP_FIELD,,src/data/pokemon/species_info/gen_5_families.h:1030
PURRLOIN,P_FAMILY_PURRLOIN,5,509-510,2,"Purrloin, Liepard",Comum,DARK,NÃO,0/2,EGG_GROUP_FIELD,,src/data/pokemon/species_info/gen_5_families.h:1254
PANSAGE,P_FAMILY_PANSAGE,5,511-512,2,"Pansage, Simisage",Comum,GRASS,NÃO,0/2,EGG_GROUP_FIELD,,src/data/pokemon/species_info/gen_5_families.h:1394
PANSEAR,P_FAMILY_PANSEAR,5,513-514,2,"Pansear, Simisear",Comum,FIRE,NÃO,0/2,EGG_GROUP_FIELD,,src/data/pokemon/species_info/gen_5_families.h:1536
PANPOUR,P_FAMILY_PANPOUR,5,515-516,2,"Panpour, Simipour",Comum,WATER,NÃO,0/2,EGG_GROUP_FIELD,,src/data/pokemon/species_info/gen_5_families.h:1679
MUNNA,P_FAMILY_MUNNA,5,517-518,2,"Munna, Musharna",Comum,PSYCHIC,NÃO,0/2,EGG_GROUP_FIELD,,src/data/pokemon/species_info/gen_5_families.h:1818
PIDOVE,P_FAMILY_PIDOVE,5,519-521,3,"Pidove, Tranquill, Unfezant",Comum,"NORMAL, FLYING",NÃO,0/3,EGG_GROUP_FLYING,,src/data/pokemon/species_info/gen_5_families.h:1967
BLITZLE,P_FAMILY_BLITZLE,5,522-523,2,"Blitzle, Zebstrika",Comum,ELECTRIC,NÃO,0/2,EGG_GROUP_FIELD,,src/data/pokemon/species_info/gen_5_families.h:2203
ROGGENROLA,P_FAMILY_ROGGENROLA,5,524-526,3,"Roggenrola, Boldore, Gigalith",Comum,ROCK,NÃO,0/3,EGG_GROUP_MINERAL,,src/data/pokemon/species_info/gen_5_families.h:2346
WOOBAT,P_FAMILY_WOOBAT,5,527-528,2,"Woobat, Swoobat",Comum,"PSYCHIC, FLYING",NÃO,0/2,"EGG_GROUP_FIELD, EGG_GROUP_FLYING",,src/data/pokemon/species_info/gen_5_families.h:2584
TIMBURR,P_FAMILY_TIMBURR,5,532-534,3,"Timburr, Gurdurr, Conkeldurr",Comum,FIGHTING,NÃO,0/3,EGG_GROUP_HUMAN_LIKE,,src/data/pokemon/species_info/gen_5_families.h:3110
TYMPOLE,P_FAMILY_TYMPOLE,5,535-537,3,"Tympole, Palpitoad, Seismitoad",Comum,WATER,NÃO,0/3,EGG_GROUP_WATER_1,,src/data/pokemon/species_info/gen_5_families.h:3323
THROH,P_FAMILY_THROH,5,538,1,Throh,Comum,FIGHTING,NÃO,0/1,EGG_GROUP_HUMAN_LIKE,,src/data/pokemon/species_info/gen_5_families.h:3543
SAWK,P_FAMILY_SAWK,5,539,1,Sawk,Comum,FIGHTING,NÃO,0/1,EGG_GROUP_HUMAN_LIKE,,src/data/pokemon/species_info/gen_5_families.h:3615
DWEBBLE,P_FAMILY_DWEBBLE,5,557-558,2,"Dwebble, Crustle",Comum,"BUG, ROCK",NÃO,0/2,"EGG_GROUP_BUG, EGG_GROUP_MINERAL",,src/data/pokemon/species_info/gen_5_families.h:5638
SIGILYPH,P_FAMILY_SIGILYPH,5,561,1,Sigilyph,Comum,"PSYCHIC, FLYING",NÃO,0/1,EGG_GROUP_FLYING,,src/data/pokemon/species_info/gen_5_families.h:5998
TIRTOUGA,P_FAMILY_TIRTOUGA,5,564-565,2,"Tirtouga, Carracosta",Comum,"WATER, ROCK",NÃO,0/2,"EGG_GROUP_WATER_1, EGG_GROUP_WATER_3",,src/data/pokemon/species_info/gen_5_families.h:6363
TRUBBISH,P_FAMILY_TRUBBISH,5,568-569,2,"Trubbish, Garbodor",Comum,POISON,NÃO,0/2,EGG_GROUP_MINERAL,,src/data/pokemon/species_info/gen_5_families.h:6660
GOTHITA,P_FAMILY_GOTHITA,5,574-576,3,"Gothita, Gothorita, Gothitelle",Comum,PSYCHIC,NÃO,0/3,EGG_GROUP_HUMAN_LIKE,,src/data/pokemon/species_info/gen_5_families.h:7300
DUCKLETT,P_FAMILY_DUCKLETT,5,580-581,2,"Ducklett, Swanna",Comum,"WATER, FLYING",NÃO,0/2,"EGG_GROUP_WATER_1, EGG_GROUP_FLYING",,src/data/pokemon/species_info/gen_5_families.h:7745
VANILLITE,P_FAMILY_VANILLITE,5,582-584,3,"Vanillite, Vanillish, Vanilluxe",Comum,ICE,NÃO,0/3,EGG_GROUP_MINERAL,,src/data/pokemon/species_info/gen_5_families.h:7889
DEERLING,P_FAMILY_DEERLING,5,585-586,2,"Deerling, Sawsbuck",Comum,"NORMAL, GRASS",NÃO,0/2,EGG_GROUP_FIELD,,src/data/pokemon/species_info/gen_5_families.h:8116
KARRABLAST,P_FAMILY_KARRABLAST,5,588-589,2,"Karrablast, Escavalier",Comum,BUG,Sim,2/2,EGG_GROUP_BUG,,src/data/pokemon/species_info/gen_5_families.h:8721
FOONGUS,P_FAMILY_FOONGUS,5,590-591,2,"Foongus, Amoonguss",Comum,"GRASS, POISON",NÃO,0/2,EGG_GROUP_GRASS,,src/data/pokemon/species_info/gen_5_families.h:8862
FRILLISH,P_FAMILY_FRILLISH,5,592-593,2,"Frillish, Jellicent",Comum,"WATER, GHOST",NÃO,0/2,EGG_GROUP_AMORPHOUS,,src/data/pokemon/species_info/gen_5_families.h:9012
ALOMOMOLA,P_FAMILY_ALOMOMOLA,5,594,1,Alomomola,Comum,WATER,NÃO,0/1,"EGG_GROUP_WATER_1, EGG_GROUP_WATER_2",,src/data/pokemon/species_info/gen_5_families.h:9195
KLINK,P_FAMILY_KLINK,5,599-601,3,"Klink, Klang, Klinklang",Comum,STEEL,NÃO,0/3,EGG_GROUP_MINERAL,,src/data/pokemon/species_info/gen_5_families.h:9568
ELGYEM,P_FAMILY_ELGYEM,5,605-606,2,"Elgyem, Beheeyem",Comum,PSYCHIC,NÃO,0/2,EGG_GROUP_HUMAN_LIKE,,src/data/pokemon/species_info/gen_5_families.h:10081
CUBCHOO,P_FAMILY_CUBCHOO,5,613-614,2,"Cubchoo, Beartic",Comum,ICE,NÃO,0/2,EGG_GROUP_FIELD,,src/data/pokemon/species_info/gen_5_families.h:10729
CRYOGONAL,P_FAMILY_CRYOGONAL,5,615,1,Cryogonal,Comum,ICE,NÃO,0/1,EGG_GROUP_MINERAL,,src/data/pokemon/species_info/gen_5_families.h:10878
SHELMET,P_FAMILY_SHELMET,5,616-617,2,"Shelmet, Accelgor",Comum,BUG,NÃO,0/2,EGG_GROUP_BUG,,src/data/pokemon/species_info/gen_5_families.h:10952
DRUDDIGON,P_FAMILY_DRUDDIGON,5,621,1,Druddigon,Comum,DRAGON,NÃO,0/1,"EGG_GROUP_DRAGON, EGG_GROUP_MONSTER",,src/data/pokemon/species_info/gen_5_families.h:11384
BOUFFALANT,P_FAMILY_BOUFFALANT,5,626,1,Bouffalant,Comum,NORMAL,NÃO,0/1,EGG_GROUP_FIELD,,src/data/pokemon/species_info/gen_5_families.h:11884
HEATMOR,P_FAMILY_HEATMOR,5,631,1,Heatmor,Comum,FIRE,NÃO,0/1,EGG_GROUP_FIELD,,src/data/pokemon/species_info/gen_5_families.h:12317
DURANT,P_FAMILY_DURANT,5,632,1,Durant,Comum,"BUG, STEEL",NÃO,0/1,EGG_GROUP_BUG,,src/data/pokemon/species_info/gen_5_families.h:12387
BUNNELBY,P_FAMILY_BUNNELBY,6,659-660,2,"Bunnelby, Diggersby",Comum,NORMAL,NÃO,0/2,EGG_GROUP_FIELD,,src/data/pokemon/species_info/gen_6_families.h:975
SCATTERBUG,P_FAMILY_SCATTERBUG,6,664-666,3,"SCATTERBUG_ICY_SNOW, SPEWPA_ICY_SNOW, VIVILLON_ICY_SNOW",Comum,,NÃO,0/3,EGG_GROUP_BUG,,src/data/pokemon/species_info/gen_6_families.h:1399
PANCHAM,P_FAMILY_PANCHAM,6,674-675,2,"Pancham, Pangoro",Comum,FIGHTING,NÃO,0/2,"EGG_GROUP_FIELD, EGG_GROUP_HUMAN_LIKE",,src/data/pokemon/species_info/gen_6_families.h:2551
FURFROU,P_FAMILY_FURFROU,6,676,1,FURFROU_NATURAL,Comum,,NÃO,0/1,EGG_GROUP_FIELD,,src/data/pokemon/species_info/gen_6_families.h:2762
SPRITZEE,P_FAMILY_SPRITZEE,6,682-683,2,"Spritzee, Aromatisse",Comum,FAIRY,NÃO,0/2,EGG_GROUP_FAIRY,,src/data/pokemon/species_info/gen_6_families.h:3402
SWIRLIX,P_FAMILY_SWIRLIX,6,684-685,2,"Swirlix, Slurpuff",Comum,FAIRY,NÃO,0/2,EGG_GROUP_FAIRY,,src/data/pokemon/species_info/gen_6_families.h:3546
HELIOPTILE,P_FAMILY_HELIOPTILE,6,694-695,2,"Helioptile, Heliolisk",Comum,"ELECTRIC, NORMAL",NÃO,0/2,"EGG_GROUP_MONSTER, EGG_GROUP_DRAGON",,src/data/pokemon/species_info/gen_6_families.h:4468
DEDENNE,P_FAMILY_DEDENNE,6,702,1,Dedenne,Comum,"ELECTRIC, FAIRY",NÃO,0/1,"EGG_GROUP_FIELD, EGG_GROUP_FAIRY",,src/data/pokemon/species_info/gen_6_families.h:5050
CARBINK,P_FAMILY_CARBINK,6,703,1,Carbink,Comum,"ROCK, FAIRY",NÃO,0/1,"EGG_GROUP_FAIRY, EGG_GROUP_MINERAL",,src/data/pokemon/species_info/gen_6_families.h:5121
PUMPKABOO,P_FAMILY_PUMPKABOO,6,710-711,2,"Pumpkaboo, Gourgeist",Comum,"GHOST, GRASS",NÃO,0/2,EGG_GROUP_AMORPHOUS,,src/data/pokemon/species_info/gen_6_families.h:5789
PIKIPEK,P_FAMILY_PIKIPEK,7,731-733,3,"Pikipek, Trumbeak, Toucannon",Comum,"NORMAL, FLYING",Sim,3/3,EGG_GROUP_FLYING,,src/data/pokemon/species_info/gen_7_families.h:774
YUNGOOS,P_FAMILY_YUNGOOS,7,734-735,2,"Yungoos, Gumshoos",Comum,NORMAL,Sim,2/2,EGG_GROUP_FIELD,,src/data/pokemon/species_info/gen_7_families.h:990
WISHIWASHI,P_FAMILY_WISHIWASHI,7,746,1,Wishiwashi,Comum,WATER,Sim,1/1,EGG_GROUP_WATER_2,,src/data/pokemon/species_info/gen_7_families.h:2544
MUDBRAY,P_FAMILY_MUDBRAY,7,749-750,2,"Mudbray, Mudsdale",Comum,GROUND,Sim,2/2,EGG_GROUP_FIELD,,src/data/pokemon/species_info/gen_7_families.h:2827
DEWPIDER,P_FAMILY_DEWPIDER,7,751-752,2,"Dewpider, Araquanid",Comum,"WATER, BUG",Sim,2/2,"EGG_GROUP_WATER_1, EGG_GROUP_BUG",,src/data/pokemon/species_info/gen_7_families.h:2971
FOMANTIS,P_FAMILY_FOMANTIS,7,753-754,2,"Fomantis, Lurantis",Comum,GRASS,Sim,2/2,EGG_GROUP_GRASS,,src/data/pokemon/species_info/gen_7_families.h:3177
MORELULL,P_FAMILY_MORELULL,7,755-756,2,"Morelull, Shiinotic",Comum,"GRASS, FAIRY",Sim,2/2,EGG_GROUP_GRASS,,src/data/pokemon/species_info/gen_7_families.h:3376
SALANDIT,P_FAMILY_SALANDIT,7,757-758,2,"Salandit, Salazzle",Comum,"POISON, FIRE",Sim,2/2,"EGG_GROUP_MONSTER, EGG_GROUP_DRAGON",,src/data/pokemon/species_info/gen_7_families.h:3514
STUFFUL,P_FAMILY_STUFFUL,7,759-760,2,"Stufful, Bewear",Comum,"NORMAL, FIGHTING",Sim,2/2,EGG_GROUP_FIELD,,src/data/pokemon/species_info/gen_7_families.h:3717
BOUNSWEET,P_FAMILY_BOUNSWEET,7,761-763,3,"Bounsweet, Steenee, Tsareena",Comum,GRASS,Sim,3/3,EGG_GROUP_GRASS,,src/data/pokemon/species_info/gen_7_families.h:3859
COMFEY,P_FAMILY_COMFEY,7,764,1,Comfey,Comum,FAIRY,Sim,1/1,EGG_GROUP_GRASS,,src/data/pokemon/species_info/gen_7_families.h:4064
ORANGURU,P_FAMILY_ORANGURU,7,765,1,Oranguru,Comum,"NORMAL, PSYCHIC",Sim,1/1,EGG_GROUP_FIELD,,src/data/pokemon/species_info/gen_7_families.h:4135
PASSIMIAN,P_FAMILY_PASSIMIAN,7,766,1,Passimian,Comum,FIGHTING,Sim,1/1,EGG_GROUP_FIELD,,src/data/pokemon/species_info/gen_7_families.h:4206
SANDYGAST,P_FAMILY_SANDYGAST,7,769-770,2,"Sandygast, Palossand",Comum,"GHOST, GROUND",Sim,2/2,EGG_GROUP_AMORPHOUS,,src/data/pokemon/species_info/gen_7_families.h:4481
TYPE_NULL,P_FAMILY_TYPE_NULL,7,772-773,2,"Type: Null, SILVALLY_NORMAL",Sublendário,NORMAL,Sim,2/2,EGG_GROUP_NO_EGGS_DISCOVERED,,src/data/pokemon/species_info/gen_7_families.h:4690
MINIOR,P_FAMILY_MINIOR,7,774,1,MINIOR_METEOR_RED,Comum,,NÃO,0/1,EGG_GROUP_MINERAL,,src/data/pokemon/species_info/gen_7_families.h:4959
KOMALA,P_FAMILY_KOMALA,7,775,1,Komala,Comum,NORMAL,Sim,1/1,EGG_GROUP_FIELD,,src/data/pokemon/species_info/gen_7_families.h:4976
TURTONATOR,P_FAMILY_TURTONATOR,7,776,1,Turtonator,Comum,"FIRE, DRAGON",Sim,1/1,"EGG_GROUP_MONSTER, EGG_GROUP_DRAGON",,src/data/pokemon/species_info/gen_7_families.h:5044
TOGEDEMARU,P_FAMILY_TOGEDEMARU,7,777,1,Togedemaru,Comum,"ELECTRIC, STEEL",Sim,1/1,"EGG_GROUP_FIELD, EGG_GROUP_FAIRY",,src/data/pokemon/species_info/gen_7_families.h:5117
BRUXISH,P_FAMILY_BRUXISH,7,779,1,Bruxish,Comum,"WATER, PSYCHIC",Sim,1/1,EGG_GROUP_WATER_2,,src/data/pokemon/species_info/gen_7_families.h:5497
NIHILEGO,P_FAMILY_NIHILEGO,7,793,1,Nihilego,Ultra Beast,"ROCK, POISON",Sim,1/1,EGG_GROUP_NO_EGGS_DISCOVERED,,src/data/pokemon/species_info/gen_7_families.h:6638
BUZZWOLE,P_FAMILY_BUZZWOLE,7,794,1,Buzzwole,Ultra Beast,"BUG, FIGHTING",Sim,1/1,EGG_GROUP_NO_EGGS_DISCOVERED,,src/data/pokemon/species_info/gen_7_families.h:6711
PHEROMOSA,P_FAMILY_PHEROMOSA,7,795,1,Pheromosa,Ultra Beast,"BUG, FIGHTING",Sim,1/1,EGG_GROUP_NO_EGGS_DISCOVERED,,src/data/pokemon/species_info/gen_7_families.h:6784
XURKITREE,P_FAMILY_XURKITREE,7,796,1,Xurkitree,Ultra Beast,ELECTRIC,Sim,1/1,EGG_GROUP_NO_EGGS_DISCOVERED,,src/data/pokemon/species_info/gen_7_families.h:6856
CELESTEELA,P_FAMILY_CELESTEELA,7,797,1,Celesteela,Ultra Beast,"STEEL, FLYING",Sim,1/1,EGG_GROUP_NO_EGGS_DISCOVERED,,src/data/pokemon/species_info/gen_7_families.h:6929
KARTANA,P_FAMILY_KARTANA,7,798,1,Kartana,Ultra Beast,"GRASS, STEEL",Sim,1/1,EGG_GROUP_NO_EGGS_DISCOVERED,,src/data/pokemon/species_info/gen_7_families.h:7005
GUZZLORD,P_FAMILY_GUZZLORD,7,799,1,Guzzlord,Ultra Beast,"DARK, DRAGON",Sim,1/1,EGG_GROUP_NO_EGGS_DISCOVERED,,src/data/pokemon/species_info/gen_7_families.h:7080
STAKATAKA,P_FAMILY_STAKATAKA,7,805,1,Stakataka,Ultra Beast,"ROCK, STEEL",Sim,1/1,EGG_GROUP_NO_EGGS_DISCOVERED,,src/data/pokemon/species_info/gen_7_families.h:7949
BLACEPHALON,P_FAMILY_BLACEPHALON,7,806,1,Blacephalon,Ultra Beast,"FIRE, GHOST",Sim,1/1,EGG_GROUP_NO_EGGS_DISCOVERED,,src/data/pokemon/species_info/gen_7_families.h:8021
SKWOVET,P_FAMILY_SKWOVET,8,819-820,2,"Skwovet, Greedent",Comum,NORMAL,Sim,2/2,EGG_GROUP_FIELD,,src/data/pokemon/species_info/gen_8_families.h:792
BLIPBUG,P_FAMILY_BLIPBUG,8,824-826,3,"Blipbug, Dottler, Orbeetle",Comum,BUG,Sim,3/3,EGG_GROUP_BUG,,src/data/pokemon/species_info/gen_8_families.h:1211
NICKIT,P_FAMILY_NICKIT,8,827-828,2,"Nickit, Thievul",Comum,DARK,Sim,2/2,EGG_GROUP_FIELD,,src/data/pokemon/species_info/gen_8_families.h:1478
GOSSIFLEUR,P_FAMILY_GOSSIFLEUR,8,829-830,2,"Gossifleur, Eldegoss",Comum,GRASS,Sim,2/2,EGG_GROUP_GRASS,,src/data/pokemon/species_info/gen_8_families.h:1612
WOOLOO,P_FAMILY_WOOLOO,8,831-832,2,"Wooloo, Dubwool",Comum,NORMAL,Sim,2/2,EGG_GROUP_FIELD,,src/data/pokemon/species_info/gen_8_families.h:1746
CHEWTLE,P_FAMILY_CHEWTLE,8,833-834,2,"Chewtle, Drednaw",Comum,WATER,Sim,2/2,"EGG_GROUP_MONSTER, EGG_GROUP_WATER_1",,src/data/pokemon/species_info/gen_8_families.h:1880
YAMPER,P_FAMILY_YAMPER,8,835-836,2,"Yamper, Boltund",Comum,ELECTRIC,Sim,2/2,EGG_GROUP_FIELD,,src/data/pokemon/species_info/gen_8_families.h:2083
ROLYCOLY,P_FAMILY_ROLYCOLY,8,837-839,3,"Rolycoly, Carkol, Coalossal",Comum,ROCK,Sim,3/3,EGG_GROUP_MINERAL,,src/data/pokemon/species_info/gen_8_families.h:2217
CRAMORANT,P_FAMILY_CRAMORANT,8,845,1,Cramorant,Comum,"FLYING, WATER",Sim,1/1,"EGG_GROUP_WATER_1, EGG_GROUP_FLYING",,src/data/pokemon/species_info/gen_8_families.h:3161
ARROKUDA,P_FAMILY_ARROKUDA,8,846-847,2,"Arrokuda, Barraskewda",Comum,WATER,Sim,2/2,EGG_GROUP_WATER_2,,src/data/pokemon/species_info/gen_8_families.h:3348
CLOBBOPUS,P_FAMILY_CLOBBOPUS,8,852-853,2,"Clobbopus, Grapploct",Comum,FIGHTING,Sim,2/2,"EGG_GROUP_WATER_1, EGG_GROUP_HUMAN_LIKE",,src/data/pokemon/species_info/gen_8_families.h:4002
HATENNA,P_FAMILY_HATENNA,8,856-858,3,"Hatenna, Hattrem, Hatterene",Comum,PSYCHIC,Sim,3/3,EGG_GROUP_FAIRY,,src/data/pokemon/species_info/gen_8_families.h:4408
MILCERY,P_FAMILY_MILCERY,8,868-869,2,"Milcery, ALCREMIE_STRAWBERRY_VANILLA_CREAM",Comum,FAIRY,Sim,2/2,"EGG_GROUP_FAIRY, EGG_GROUP_AMORPHOUS",,src/data/pokemon/species_info/gen_8_families.h:4932
PINCURCHIN,P_FAMILY_PINCURCHIN,8,871,1,Pincurchin,Comum,ELECTRIC,Sim,1/1,"EGG_GROUP_WATER_1, EGG_GROUP_AMORPHOUS",,src/data/pokemon/species_info/gen_8_families.h:5493
SNOM,P_FAMILY_SNOM,8,872-873,2,"Snom, Frosmoth",Comum,"ICE, BUG",Sim,2/2,EGG_GROUP_BUG,,src/data/pokemon/species_info/gen_8_families.h:5572
STONJOURNER,P_FAMILY_STONJOURNER,8,874,1,Stonjourner,Comum,ROCK,Sim,1/1,EGG_GROUP_MINERAL,,src/data/pokemon/species_info/gen_8_families.h:5708
EISCUE,P_FAMILY_EISCUE,8,875,1,Eiscue,Comum,ICE,Sim,1/1,"EGG_GROUP_WATER_1, EGG_GROUP_FIELD",,src/data/pokemon/species_info/gen_8_families.h:5776
MORPEKO,P_FAMILY_MORPEKO,8,877,1,Morpeko,Comum,"ELECTRIC, DARK",Sim,1/1,"EGG_GROUP_FIELD, EGG_GROUP_FAIRY",,src/data/pokemon/species_info/gen_8_families.h:6040
CUFANT,P_FAMILY_CUFANT,8,878-879,2,"Cufant, Copperajah",Comum,STEEL,Sim,2/2,"EGG_GROUP_FIELD, EGG_GROUP_MINERAL",,src/data/pokemon/species_info/gen_8_families.h:6169
DRACOZOLT,P_FAMILY_DRACOZOLT,8,880,1,Dracozolt,Comum,"ELECTRIC, DRAGON",Sim,1/1,EGG_GROUP_NO_EGGS_DISCOVERED,,src/data/pokemon/species_info/gen_8_families.h:6368
ARCTOZOLT,P_FAMILY_ARCTOZOLT,8,881,1,Arctozolt,Comum,"ELECTRIC, ICE",Sim,1/1,EGG_GROUP_NO_EGGS_DISCOVERED,,src/data/pokemon/species_info/gen_8_families.h:6435
DRACOVISH,P_FAMILY_DRACOVISH,8,882,1,Dracovish,Comum,"WATER, DRAGON",Sim,1/1,EGG_GROUP_NO_EGGS_DISCOVERED,,src/data/pokemon/species_info/gen_8_families.h:6501
ARCTOVISH,P_FAMILY_ARCTOVISH,8,883,1,Arctovish,Comum,"WATER, ICE",Sim,1/1,EGG_GROUP_NO_EGGS_DISCOVERED,,src/data/pokemon/species_info/gen_8_families.h:6568
LECHONK,P_FAMILY_LECHONK,9,915-916,2,"Lechonk, Oinkologne",Comum,NORMAL,Sim,2/2,EGG_GROUP_FIELD,,src/data/pokemon/species_info/gen_9_families.h:672
TAROUNTULA,P_FAMILY_TAROUNTULA,9,917-918,2,"Tarountula, Spidops",Comum,BUG,Sim,2/2,EGG_GROUP_BUG,,src/data/pokemon/species_info/gen_9_families.h:873
NYMBLE,P_FAMILY_NYMBLE,9,919-920,2,"Nymble, Lokix",Comum,BUG,Sim,2/2,EGG_GROUP_BUG,,src/data/pokemon/species_info/gen_9_families.h:1007
FIDOUGH,P_FAMILY_FIDOUGH,9,926-927,2,"Fidough, Dachsbun",Comum,FAIRY,Sim,2/2,"EGG_GROUP_FIELD, EGG_GROUP_MINERAL",,src/data/pokemon/species_info/gen_9_families.h:1543
SMOLIV,P_FAMILY_SMOLIV,9,928-930,3,"Smoliv, Dolliv, Arboliva",Comum,"GRASS, NORMAL",Sim,3/3,EGG_GROUP_GRASS,,src/data/pokemon/species_info/gen_9_families.h:1677
SQUAWKABILLY,P_FAMILY_SQUAWKABILLY,9,931,1,Squawkabilly,Comum,"NORMAL, FLYING",Sim,1/1,EGG_GROUP_FLYING,,src/data/pokemon/species_info/gen_9_families.h:1877
TADBULB,P_FAMILY_TADBULB,9,938-939,2,"Tadbulb, Bellibolt",Comum,ELECTRIC,Sim,2/2,EGG_GROUP_WATER_1,,src/data/pokemon/species_info/gen_9_families.h:2547
MASCHIFF,P_FAMILY_MASCHIFF,9,942-943,2,"Maschiff, Mabosstiff",Comum,DARK,Sim,2/2,EGG_GROUP_FIELD,,src/data/pokemon/species_info/gen_9_families.h:2816
SHROODLE,P_FAMILY_SHROODLE,9,944-945,2,"Shroodle, Grafaiai",Comum,"POISON, NORMAL",Sim,2/2,EGG_GROUP_FIELD,,src/data/pokemon/species_info/gen_9_families.h:2950
BRAMBLIN,P_FAMILY_BRAMBLIN,9,946-947,2,"Bramblin, Brambleghast",Comum,"GRASS, GHOST",Sim,2/2,EGG_GROUP_GRASS,,src/data/pokemon/species_info/gen_9_families.h:3084
TOEDSCOOL,P_FAMILY_TOEDSCOOL,9,948-949,2,"Toedscool, Toedscruel",Comum,"GROUND, GRASS",Sim,2/2,EGG_GROUP_GRASS,,src/data/pokemon/species_info/gen_9_families.h:3218
KLAWF,P_FAMILY_KLAWF,9,950,1,Klawf,Comum,ROCK,Sim,1/1,EGG_GROUP_WATER_3,,src/data/pokemon/species_info/gen_9_families.h:3356
RELLOR,P_FAMILY_RELLOR,9,953-954,2,"Rellor, Rabsca",Comum,BUG,Sim,2/2,EGG_GROUP_BUG,,src/data/pokemon/species_info/gen_9_families.h:3619
WIGLETT,P_FAMILY_WIGLETT,9,960-961,2,"Wiglett, Wugtrio",Comum,WATER,Sim,2/2,EGG_GROUP_WATER_3,,src/data/pokemon/species_info/gen_9_families.h:4087
BOMBIRDIER,P_FAMILY_BOMBIRDIER,9,962,1,Bombirdier,Comum,"FLYING, DARK",Sim,1/1,EGG_GROUP_FLYING,,src/data/pokemon/species_info/gen_9_families.h:4219
VAROOM,P_FAMILY_VAROOM,9,965-966,2,"Varoom, Revavroom",Comum,"STEEL, POISON",Sim,2/2,EGG_GROUP_MINERAL,,src/data/pokemon/species_info/gen_9_families.h:4489
ORTHWORM,P_FAMILY_ORTHWORM,9,968,1,Orthworm,Comum,STEEL,Sim,1/1,EGG_GROUP_FIELD,,src/data/pokemon/species_info/gen_9_families.h:4691
GREAVARD,P_FAMILY_GREAVARD,9,971-972,2,"Greavard, Houndstone",Comum,GHOST,Sim,2/2,EGG_GROUP_FIELD,,src/data/pokemon/species_info/gen_9_families.h:4958
CETODDLE,P_FAMILY_CETODDLE,9,974-975,2,"Cetoddle, Cetitan",Comum,ICE,Sim,2/2,EGG_GROUP_FIELD,,src/data/pokemon/species_info/gen_9_families.h:5160
VELUZA,P_FAMILY_VELUZA,9,976,1,Veluza,Comum,"WATER, PSYCHIC",Sim,1/1,EGG_GROUP_WATER_2,,src/data/pokemon/species_info/gen_9_families.h:5294
WO_CHIEN,P_FAMILY_WO_CHIEN,9,1001,1,Wo-Chien,Sublendário,"DARK, GRASS",Sim,1/1,EGG_GROUP_NO_EGGS_DISCOVERED,,src/data/pokemon/species_info/gen_9_families.h:7101
TING_LU,P_FAMILY_TING_LU,9,1003,1,Ting-Lu,Sublendário,"DARK, GROUND",Sim,1/1,EGG_GROUP_NO_EGGS_DISCOVERED,,src/data/pokemon/species_info/gen_9_families.h:7239
OKIDOGI,P_FAMILY_OKIDOGI,9,1014,1,Okidogi,Sublendário,"POISON, FIGHTING",Sim,1/1,EGG_GROUP_NO_EGGS_DISCOVERED,,src/data/pokemon/species_info/gen_9_families.h:8068
MUNKIDORI,P_FAMILY_MUNKIDORI,9,1015,1,Munkidori,Sublendário,"POISON, PSYCHIC",Sim,1/1,EGG_GROUP_NO_EGGS_DISCOVERED,,src/data/pokemon/species_info/gen_9_families.h:8137
