audit_id,source_phase,source_action,scope,audit_status,source_report,evidence,required_follow_up
META-001,all,INPUT_SOURCE,docs/SOULGOLD_TRAINER_REMOVAL_ACTIONS.csv,PASS,n/a,"Audited working tree at HEAD 34ba590f72 plus uncommitted changes; source CSV is preserved unchanged.",None
META-002,all,COMMIT_RANGE,11bb8950a5^..34ba590f72,PASS,n/a,"Reviewed the Hard-party promotion and all subsequent cleanup commits.",None
P1-001,1,PROMOTE_HARD_TO_DEFAULT,83 trainer parties,PASS,CONCLUIDO,"All 83 CSV targets have exactly one trainers.party block and none retains a Difficulty: Hard marker.",None
P3-001,3,FORCE_HARD_BEHAVIOR,src/difficulty.c,PASS,CONCLUIDO,"GetCurrentDifficultyLevel and both trainer/partner accessors always return DIFFICULTY_NORMAL; the sole default slot contains former Hard parties.",None
P3-002,3,REMOVE_DIFFICULTY_OPTION,src/option_menu.c,PASS,CONCLUIDO,"No difficulty option consumer remains in the option menu; legacy text symbols alone are non-player-facing.",None
P3-003,3,REMOVE_DIFFICULTY_SAVE_FIELD,save/options structures,PASS,CONCLUIDO,"optionsDifficulty is retained as an ignored reserved SaveBlock2 bit, preserving save layout as required.",None
P3-004,3,REMOVE_DIFFICULTY_VAR_FLAG,VAR_DIFFICULTY and FLAG_DIFFICULTY_HARD,PASS,CONCLUIDO,"Both identifiers are reserved legacy locations; runtime difficulty accessors do not read them.",None
P3-005,3,REMOVE_HALL_OF_FAME_DIFFICULTY_LABEL,src/hall_of_fame.c,PASS,CONCLUIDO,"The Normal/Hard Hall of Fame presentation was removed in commit 11bb8950a5.",None
P3-006,3,SIMPLIFY_DIFFICULTY_INDEXED_DATA,"trainer slides; partners; PWT/Dome",PASS,CONCLUIDO,"DIFFICULTY_COUNT is now one; gTrainers, battle partners, and trainer slides therefore contain one dataset. Legacy Easy/Hard names are compatibility aliases for that sole dataset.",None
P2-001,2,REMOVE_INACCESSIBLE_LEGACY_BATTLE,legacy Hoenn triggers,PASS,228 CONCLUIDO,"All 228 planned legacy Hoenn trigger removals are complete. Retired IDs are TRAINER_UNUSED_* unless a proven Johto/Kanto/facility consumer requires the original symbol.",None
P2-004,2,REMOVE_INACCESSIBLE_LEGACY_BATTLE,retired-ID consumers,PASS,CONCLUIDO,"Removed dangling rematch, Match Call, VS Seeker, and Seashore House completion consumers. Restored only shared IDs required by active Johto/Kanto/facility content.",None
P2-002,2,REMOVE_INACCESSIBLE_LEGACY_BATTLE,legacy Hoenn triggers,PASS,10 CONCLUIDO,"Completed Bethany 301; Lao_1 419; Madeline_1 434; Angelica 436; Rick 615; Trent_1 627; Ricky_1 64; Johanna 647; Ruben 671; and Koji_1 672.",None
P2-003,2,MIGRATE_CANONICAL_FROM_LEGACY_MAP,"Glacia 263; Maxie Mossdeep 734",PENDING,PENDENTE_MIGRACAO,"Both IDs remain defined, but the planned canonical Rift attachment is not implemented.",Create the canonical Rift battle consumers before closing migration
P4-001,4,REMOVE_ORPHANED_PARTY,20 trainer parties,PASS,CONCLUIDO,"All 20 named party headers are absent from src/data/trainers.party.",None
PROTECT-001,0,PROTECT_CANONICAL_RIFT_BATTLE,18 canonical Hoenn IDs,PASS,PROTEGIDO,"All 18 protected constants remain defined. Their party data is not present under those canonical labels, which is allowed as REBUILD_PARTY_PENDING by the source prompt.",Plan and attach the future canonical Rift parties
PROTECT-002,0,PROTECT_EXISTING_CHARACTER,TRAINER_STEVEN 804,PASS,PROTEGIDO,"TRAINER_STEVEN remains defined and has one party block after the Hard-party promotion.",None
PROTECT-003,0,PROTECT_RIFT_RESERVED,TRAINER_KUKUI 966,PASS,PROTEGIDO,"TRAINER_KUKUI remains defined and has one party block.",None
PROTECT-004,0,PROTECT_FRONTIER_BRAIN_REVIEW,"Tucker; Spenser; Gretta; Noland; Lucy; Brandon",PASS,PROTEGIDO,"Five protected symbols remain defined. TRAINER_GRETA was already absent from opponents.h before the audited commit range, so this cleanup did not remove it.",Manual design review remains required for the protected Frontier roster
JOHTO-001,all,JOHTO_REMOVAL_GUARD,Johto trainer maps,PASS,n/a,"No Johto map path changed in the cleanup commit range. The sole uncommitted GoldenrodCity_Gym change adds a macro comma and does not remove a battle.",None
JOHTO-002,2,SHARED_TRAINER_ID_GUARD,"Garret; Victor; Ben; Nolan; Jasmine; Pete and other cross-region consumers",PASS,n/a,"Active Johto/Kanto/custom consumers still retain their trainer scripts and parties; only inaccessible Hoenn triggers were removed.",None
VALIDATION-001,all,FULL_BUILD,Makefile rom target,PASS,n/a,"make -j4 completed successfully. Final sizes: ROM 31,008,708 B; EWRAM 247,140 B; IWRAM 24,164 B.",No baseline sizes were recorded before the original cleanup
