phase,action,trainer_id,trainer,scope,decision,reason,guard,implementation_report
0,DO_NOT_USE_OUT_OF_RANGE_ID,1164,TRAINER_UNUSED_300,trainer_limit,PROTECT,Outside valid 0-1163 trainer array range,Never use as trainer ID,RESTRITO
0,DO_NOT_USE_RECLAIMED_TRAINER_IDS,1056-1163,TRAINER_UNUSED_192 onward,flags,PROTECT,These trainer flag positions were reclaimed for standalone flags,Not available as trainer IDs,RESTRITO
0,PROTECT_CANONICAL_RIFT_BATTLE,263,TRAINER_GLACIA,canonical_hoenn_roster,KEEP_OR_REBUILD,Keep exactly one battle for Glacia (Elite Four),none,PROTEGIDO
0,PROTECT_CANONICAL_RIFT_BATTLE,660,TRAINER_WALLY_VR_5,canonical_hoenn_roster,KEEP_OR_REBUILD,Keep exactly one battle for Wally (Rival),TRAINER_WALLY_VR_1 519; TRAINER_WALLY_MAUVILLE 656; WALLY_VR_2 through WALLY_VR_4,PROTEGIDO
0,PROTECT_CANONICAL_RIFT_BATTLE,734,TRAINER_MAXIE_MOSSDEEP,canonical_hoenn_roster,KEEP_OR_REBUILD,Keep exactly one battle for Maxie (Team Magma),TRAINER_MAXIE_MAGMA_HIDEOUT 601; TRAINER_MAXIE_MT_CHIMNEY 602,PROTEGIDO
0,PROTECT_CANONICAL_RIFT_BATTLE,773,TRAINER_ROXANNE_5,canonical_hoenn_roster,KEEP_OR_REBUILD,Keep exactly one battle for Roxanne (Gym Leader),ROXANNE_1; ROXANNE_2; ROXANNE_3; ROXANNE_4; generic TRAINER_ROXANNE collision,PROTEGIDO
0,PROTECT_CANONICAL_RIFT_BATTLE,781,TRAINER_WATTSON_5,canonical_hoenn_roster,KEEP_OR_REBUILD,Keep exactly one battle for Wattson (Gym Leader),WATTSON_1; WATTSON_4,PROTEGIDO
0,PROTECT_CANONICAL_RIFT_BATTLE,789,TRAINER_NORMAN_5,canonical_hoenn_roster,KEEP_OR_REBUILD,Keep exactly one battle for Norman (Gym Leader),NORMAN_1; NORMAN_2; NORMAN_3; NORMAN_4; generic TRAINER_NORMAN collision,PROTEGIDO
0,PROTECT_CANONICAL_RIFT_BATTLE,793,TRAINER_WINONA_5,canonical_hoenn_roster,KEEP_OR_REBUILD,Keep exactly one battle for Winona (Gym Leader),WINONA_1; WINONA_2; WINONA_3; WINONA_4,PROTEGIDO
0,PROTECT_CANONICAL_RIFT_BATTLE,797,TRAINER_TATE_AND_LIZA_5,canonical_hoenn_roster,KEEP_OR_REBUILD,Keep exactly one battle for Tate & Liza (Gym Leader),TATE_AND_LIZA_1; TATE_AND_LIZA_2; TATE_AND_LIZA_3; TATE_AND_LIZA_4,PROTEGIDO
0,PROTECT_CANONICAL_RIFT_BATTLE,801,TRAINER_JUAN_5,canonical_hoenn_roster,KEEP_OR_REBUILD,Keep exactly one battle for Juan (Gym Leader),JUAN_1; JUAN_2; JUAN_3; JUAN_4,PROTEGIDO
0,PROTECT_CANONICAL_RIFT_BATTLE,853,TRAINER_BRENDAN_PLACEHOLDER,canonical_hoenn_roster,KEEP_OR_REBUILD,Keep exactly one battle for Brendan (Rival),all route/location/starter Brendan variants,PROTEGIDO
0,PROTECT_CANONICAL_RIFT_BATTLE,854,TRAINER_MAY_PLACEHOLDER,canonical_hoenn_roster,KEEP_OR_REBUILD,Keep exactly one battle for May (Rival),all route/location/starter May variants,PROTEGIDO
0,PROTECT_CANONICAL_RIFT_BATTLE,856,TRAINER_WALLACE2,canonical_hoenn_roster,KEEP_OR_REBUILD,Keep exactly one battle for Wallace (Champion),TRAINER_WALLACE 335,PROTEGIDO
0,PROTECT_CANONICAL_RIFT_BATTLE,860,TRAINER_SIDNEY2,canonical_hoenn_roster,KEEP_OR_REBUILD,Keep exactly one battle for Sidney (Elite Four),TRAINER_SIDNEY 261,PROTEGIDO
0,PROTECT_CANONICAL_RIFT_BATTLE,861,TRAINER_PHOEBE2,canonical_hoenn_roster,KEEP_OR_REBUILD,Keep exactly one battle for Phoebe (Elite Four),TRAINER_PHOEBE 262,PROTEGIDO
0,PROTECT_CANONICAL_RIFT_BATTLE,951,TRAINER_UNUSED_87,canonical_hoenn_roster,KEEP_OR_REBUILD,Keep exactly one battle for Brawly (Gym Leader),original symbol absent/overwritten,PROTEGIDO
0,PROTECT_CANONICAL_RIFT_BATTLE,952,TRAINER_UNUSED_88,canonical_hoenn_roster,KEEP_OR_REBUILD,Keep exactly one battle for Flannery (Gym Leader),original symbol absent/overwritten,PROTEGIDO
0,PROTECT_CANONICAL_RIFT_BATTLE,953,TRAINER_UNUSED_89,canonical_hoenn_roster,KEEP_OR_REBUILD,Keep exactly one battle for Drake (Elite Four),original ID 264 overwritten as TRAINER_KIP,PROTEGIDO
0,PROTECT_CANONICAL_RIFT_BATTLE,954,TRAINER_UNUSED_90,canonical_hoenn_roster,KEEP_OR_REBUILD,Keep exactly one battle for Archie (Team Aqua),no Archie constant remains,PROTEGIDO
0,PROTECT_EXISTING_CHARACTER,804,TRAINER_STEVEN,custom_campaign_and_rift_candidate,KEEP_HARD_ONLY,Steven is already used by custom content and is the strongest additional Hoenn recommendation,Never remove during legacy Hoenn cleanup,PROTEGIDO
0,PROTECT_FRONTIER_BRAIN_REVIEW,806,TRAINER_TUCKER,frontier_brain,PROTECT_PENDING_DECISION,Potential Rift-loop opponent or existing custom/facility consumer,Do not delete automatically,PROTEGIDO
0,PROTECT_FRONTIER_BRAIN_REVIEW,807,TRAINER_SPENSER,frontier_brain,PROTECT_PENDING_DECISION,Potential Rift-loop opponent or existing custom/facility consumer,Do not delete automatically,PROTEGIDO
0,PROTECT_FRONTIER_BRAIN_REVIEW,808,TRAINER_GRETA,frontier_brain,PROTECT_PENDING_DECISION,Potential Rift-loop opponent or existing custom/facility consumer,Do not delete automatically,PROTEGIDO
0,PROTECT_FRONTIER_BRAIN_REVIEW,809,TRAINER_NOLAND,frontier_brain,PROTECT_PENDING_DECISION,Potential Rift-loop opponent or existing custom/facility consumer,Do not delete automatically,PROTEGIDO
0,PROTECT_FRONTIER_BRAIN_REVIEW,810,TRAINER_LUCY,frontier_brain,PROTECT_PENDING_DECISION,Potential Rift-loop opponent or existing custom/facility consumer,Do not delete automatically,PROTEGIDO
0,PROTECT_FRONTIER_BRAIN_REVIEW,811,TRAINER_BRANDON,frontier_brain,PROTECT_PENDING_DECISION,Potential Rift-loop opponent or existing custom/facility consumer,Do not delete automatically,PROTEGIDO
0,PROTECT_RIFT_RESERVED,966,TRAINER_KUKUI,party,KEEP,Reserved by Rift Missions design,Do not classify as dead content,PROTEGIDO
1,PROMOTE_HARD_TO_DEFAULT,132,TRAINER_ARIANA_2,trainers.party,KEEP_HARD_REMOVE_NORMAL,Keep Hard party; delete normal party block; remove Difficulty: Hard marker from kept block,Exactly one party block must remain for this trainer,CONCLUIDO
1,PROMOTE_HARD_TO_DEFAULT,180,TRAINER_JASMINE_1_3,trainers.party,KEEP_HARD_REMOVE_NORMAL,Keep Hard party; delete normal party block; remove Difficulty: Hard marker from kept block,Exactly one party block must remain for this trainer,CONCLUIDO
1,PROMOTE_HARD_TO_DEFAULT,19,TRAINER_FALKNER_1,trainers.party,KEEP_HARD_REMOVE_NORMAL,Keep Hard party; delete normal party block; remove Difficulty: Hard marker from kept block,Exactly one party block must remain for this trainer,CONCLUIDO
1,PROMOTE_HARD_TO_DEFAULT,204,TRAINER_KOGA_2,trainers.party,KEEP_HARD_REMOVE_NORMAL,Keep Hard party; delete normal party block; remove Difficulty: Hard marker from kept block,Exactly one party block must remain for this trainer,CONCLUIDO
1,PROMOTE_HARD_TO_DEFAULT,226,TRAINER_RIVAL_TOTODILE_5,trainers.party,KEEP_HARD_REMOVE_NORMAL,Keep Hard party; delete normal party block; remove Difficulty: Hard marker from kept block,Exactly one party block must remain for this trainer,CONCLUIDO
1,PROMOTE_HARD_TO_DEFAULT,244,TRAINER_PRYCE_2,trainers.party,KEEP_HARD_REMOVE_NORMAL,Keep Hard party; delete normal party block; remove Difficulty: Hard marker from kept block,Exactly one party block must remain for this trainer,CONCLUIDO
1,PROMOTE_HARD_TO_DEFAULT,249,TRAINER_LANCE_1,trainers.party,KEEP_HARD_REMOVE_NORMAL,Keep Hard party; delete normal party block; remove Difficulty: Hard marker from kept block,Exactly one party block must remain for this trainer,CONCLUIDO
1,PROMOTE_HARD_TO_DEFAULT,26,TRAINER_FALKNER_2,trainers.party,KEEP_HARD_REMOVE_NORMAL,Keep Hard party; delete normal party block; remove Difficulty: Hard marker from kept block,Exactly one party block must remain for this trainer,CONCLUIDO
1,PROMOTE_HARD_TO_DEFAULT,278,TRAINER_PETREL_2,trainers.party,KEEP_HARD_REMOVE_NORMAL,Keep Hard party; delete normal party block; remove Difficulty: Hard marker from kept block,Exactly one party block must remain for this trainer,CONCLUIDO
1,PROMOTE_HARD_TO_DEFAULT,279,TRAINER_PROTON_2,trainers.party,KEEP_HARD_REMOVE_NORMAL,Keep Hard party; delete normal party block; remove Difficulty: Hard marker from kept block,Exactly one party block must remain for this trainer,CONCLUIDO
1,PROMOTE_HARD_TO_DEFAULT,376,TRAINER_WILL_2,trainers.party,KEEP_HARD_REMOVE_NORMAL,Keep Hard party; delete normal party block; remove Difficulty: Hard marker from kept block,Exactly one party block must remain for this trainer,CONCLUIDO
1,PROMOTE_HARD_TO_DEFAULT,379,TRAINER_BRUNO_1,trainers.party,KEEP_HARD_REMOVE_NORMAL,Keep Hard party; delete normal party block; remove Difficulty: Hard marker from kept block,Exactly one party block must remain for this trainer,CONCLUIDO
1,PROMOTE_HARD_TO_DEFAULT,380,TRAINER_BRUNO_2,trainers.party,KEEP_HARD_REMOVE_NORMAL,Keep Hard party; delete normal party block; remove Difficulty: Hard marker from kept block,Exactly one party block must remain for this trainer,CONCLUIDO
1,PROMOTE_HARD_TO_DEFAULT,381,TRAINER_KAREN_1,trainers.party,KEEP_HARD_REMOVE_NORMAL,Keep Hard party; delete normal party block; remove Difficulty: Hard marker from kept block,Exactly one party block must remain for this trainer,CONCLUIDO
1,PROMOTE_HARD_TO_DEFAULT,382,TRAINER_KAREN_2,trainers.party,KEEP_HARD_REMOVE_NORMAL,Keep Hard party; delete normal party block; remove Difficulty: Hard marker from kept block,Exactly one party block must remain for this trainer,CONCLUIDO
1,PROMOTE_HARD_TO_DEFAULT,383,TRAINER_KOGA_1,trainers.party,KEEP_HARD_REMOVE_NORMAL,Keep Hard party; delete normal party block; remove Difficulty: Hard marker from kept block,Exactly one party block must remain for this trainer,CONCLUIDO
1,PROMOTE_HARD_TO_DEFAULT,402,TRAINER_CHUCK_2,trainers.party,KEEP_HARD_REMOVE_NORMAL,Keep Hard party; delete normal party block; remove Difficulty: Hard marker from kept block,Exactly one party block must remain for this trainer,CONCLUIDO
1,PROMOTE_HARD_TO_DEFAULT,427,TRAINER_JASMINE_2,trainers.party,KEEP_HARD_REMOVE_NORMAL,Keep Hard party; delete normal party block; remove Difficulty: Hard marker from kept block,Exactly one party block must remain for this trainer,CONCLUIDO
1,PROMOTE_HARD_TO_DEFAULT,43,TRAINER_BLAINE_OLIVINE,trainers.party,KEEP_HARD_REMOVE_NORMAL,Keep Hard party; delete normal party block; remove Difficulty: Hard marker from kept block,Exactly one party block must remain for this trainer,CONCLUIDO
1,PROMOTE_HARD_TO_DEFAULT,442,TRAINER_CHUCK_1_2,trainers.party,KEEP_HARD_REMOVE_NORMAL,Keep Hard party; delete normal party block; remove Difficulty: Hard marker from kept block,Exactly one party block must remain for this trainer,CONCLUIDO
1,PROMOTE_HARD_TO_DEFAULT,467,TRAINER_PETREL_1,trainers.party,KEEP_HARD_REMOVE_NORMAL,Keep Hard party; delete normal party block; remove Difficulty: Hard marker from kept block,Exactly one party block must remain for this trainer,CONCLUIDO
1,PROMOTE_HARD_TO_DEFAULT,468,TRAINER_ARCHER,trainers.party,KEEP_HARD_REMOVE_NORMAL,Keep Hard party; delete normal party block; remove Difficulty: Hard marker from kept block,Exactly one party block must remain for this trainer,CONCLUIDO
1,PROMOTE_HARD_TO_DEFAULT,503,TRAINER_RIVAL_TOTODILE_4,trainers.party,KEEP_HARD_REMOVE_NORMAL,Keep Hard party; delete normal party block; remove Difficulty: Hard marker from kept block,Exactly one party block must remain for this trainer,CONCLUIDO
1,PROMOTE_HARD_TO_DEFAULT,510,TRAINER_CHUCK_1,trainers.party,KEEP_HARD_REMOVE_NORMAL,Keep Hard party; delete normal party block; remove Difficulty: Hard marker from kept block,Exactly one party block must remain for this trainer,CONCLUIDO
1,PROMOTE_HARD_TO_DEFAULT,513,TRAINER_JASMINE_1,trainers.party,KEEP_HARD_REMOVE_NORMAL,Keep Hard party; delete normal party block; remove Difficulty: Hard marker from kept block,Exactly one party block must remain for this trainer,CONCLUIDO
1,PROMOTE_HARD_TO_DEFAULT,538,TRAINER_CHUCK_1_3,trainers.party,KEEP_HARD_REMOVE_NORMAL,Keep Hard party; delete normal party block; remove Difficulty: Hard marker from kept block,Exactly one party block must remain for this trainer,CONCLUIDO
1,PROMOTE_HARD_TO_DEFAULT,541,TRAINER_CLAIR_1,trainers.party,KEEP_HARD_REMOVE_NORMAL,Keep Hard party; delete normal party block; remove Difficulty: Hard marker from kept block,Exactly one party block must remain for this trainer,CONCLUIDO
1,PROMOTE_HARD_TO_DEFAULT,542,TRAINER_CLAIR_2,trainers.party,KEEP_HARD_REMOVE_NORMAL,Keep Hard party; delete normal party block; remove Difficulty: Hard marker from kept block,Exactly one party block must remain for this trainer,CONCLUIDO
1,PROMOTE_HARD_TO_DEFAULT,546,TRAINER_PRYCE_1,trainers.party,KEEP_HARD_REMOVE_NORMAL,Keep Hard party; delete normal party block; remove Difficulty: Hard marker from kept block,Exactly one party block must remain for this trainer,CONCLUIDO
1,PROMOTE_HARD_TO_DEFAULT,552,TRAINER_RIVAL_CHIKORITA_4,trainers.party,KEEP_HARD_REMOVE_NORMAL,Keep Hard party; delete normal party block; remove Difficulty: Hard marker from kept block,Exactly one party block must remain for this trainer,CONCLUIDO
1,PROMOTE_HARD_TO_DEFAULT,555,TRAINER_RIVAL_CHIKORITA_5,trainers.party,KEEP_HARD_REMOVE_NORMAL,Keep Hard party; delete normal party block; remove Difficulty: Hard marker from kept block,Exactly one party block must remain for this trainer,CONCLUIDO
1,PROMOTE_HARD_TO_DEFAULT,578,TRAINER_PRYCE_1_2,trainers.party,KEEP_HARD_REMOVE_NORMAL,Keep Hard party; delete normal party block; remove Difficulty: Hard marker from kept block,Exactly one party block must remain for this trainer,CONCLUIDO
1,PROMOTE_HARD_TO_DEFAULT,596,TRAINER_BUGSY_1,trainers.party,KEEP_HARD_REMOVE_NORMAL,Keep Hard party; delete normal party block; remove Difficulty: Hard marker from kept block,Exactly one party block must remain for this trainer,CONCLUIDO
1,PROMOTE_HARD_TO_DEFAULT,604,TRAINER_WHITNEY_1,trainers.party,KEEP_HARD_REMOVE_NORMAL,Keep Hard party; delete normal party block; remove Difficulty: Hard marker from kept block,Exactly one party block must remain for this trainer,CONCLUIDO
1,PROMOTE_HARD_TO_DEFAULT,607,TRAINER_WHITNEY_2,trainers.party,KEEP_HARD_REMOVE_NORMAL,Keep Hard party; delete normal party block; remove Difficulty: Hard marker from kept block,Exactly one party block must remain for this trainer,CONCLUIDO
1,PROMOTE_HARD_TO_DEFAULT,608,TRAINER_MORTY_1,trainers.party,KEEP_HARD_REMOVE_NORMAL,Keep Hard party; delete normal party block; remove Difficulty: Hard marker from kept block,Exactly one party block must remain for this trainer,CONCLUIDO
1,PROMOTE_HARD_TO_DEFAULT,609,TRAINER_MORTY_2,trainers.party,KEEP_HARD_REMOVE_NORMAL,Keep Hard party; delete normal party block; remove Difficulty: Hard marker from kept block,Exactly one party block must remain for this trainer,CONCLUIDO
1,PROMOTE_HARD_TO_DEFAULT,621,TRAINER_RIVAL_CYNDAQUIL_4,trainers.party,KEEP_HARD_REMOVE_NORMAL,Keep Hard party; delete normal party block; remove Difficulty: Hard marker from kept block,Exactly one party block must remain for this trainer,CONCLUIDO
1,PROMOTE_HARD_TO_DEFAULT,622,TRAINER_RIVAL_CYNDAQUIL_5,trainers.party,KEEP_HARD_REMOVE_NORMAL,Keep Hard party; delete normal party block; remove Difficulty: Hard marker from kept block,Exactly one party block must remain for this trainer,CONCLUIDO
1,PROMOTE_HARD_TO_DEFAULT,651,TRAINER_JASMINE_1_2,trainers.party,KEEP_HARD_REMOVE_NORMAL,Keep Hard party; delete normal party block; remove Difficulty: Hard marker from kept block,Exactly one party block must remain for this trainer,CONCLUIDO
1,PROMOTE_HARD_TO_DEFAULT,697,TRAINER_BUGSY_2,trainers.party,KEEP_HARD_REMOVE_NORMAL,Keep Hard party; delete normal party block; remove Difficulty: Hard marker from kept block,Exactly one party block must remain for this trainer,CONCLUIDO
1,PROMOTE_HARD_TO_DEFAULT,707,TRAINER_PRYCE_1_3,trainers.party,KEEP_HARD_REMOVE_NORMAL,Keep Hard party; delete normal party block; remove Difficulty: Hard marker from kept block,Exactly one party block must remain for this trainer,CONCLUIDO
1,PROMOTE_HARD_TO_DEFAULT,736,TRAINER_WILL_1,trainers.party,KEEP_HARD_REMOVE_NORMAL,Keep Hard party; delete normal party block; remove Difficulty: Hard marker from kept block,Exactly one party block must remain for this trainer,CONCLUIDO
1,PROMOTE_HARD_TO_DEFAULT,804,TRAINER_STEVEN,trainers.party,KEEP_HARD_REMOVE_NORMAL,Keep Hard party; delete normal party block; remove Difficulty: Hard marker from kept block,Exactly one party block must remain for this trainer,CONCLUIDO
1,PROMOTE_HARD_TO_DEFAULT,877,TRAINER_TITLE_DEFENSE_LANCE,trainers.party,KEEP_HARD_REMOVE_NORMAL,Keep Hard party; delete normal party block; remove Difficulty: Hard marker from kept block,Exactly one party block must remain for this trainer,CONCLUIDO
1,PROMOTE_HARD_TO_DEFAULT,878,TRAINER_TITLE_DEFENSE_STEVEN,trainers.party,KEEP_HARD_REMOVE_NORMAL,Keep Hard party; delete normal party block; remove Difficulty: Hard marker from kept block,Exactly one party block must remain for this trainer,CONCLUIDO
1,PROMOTE_HARD_TO_DEFAULT,879,TRAINER_RIVAL_GOLD_ICEPATH,trainers.party,KEEP_HARD_REMOVE_NORMAL,Keep Hard party; delete normal party block; remove Difficulty: Hard marker from kept block,Exactly one party block must remain for this trainer,CONCLUIDO
1,PROMOTE_HARD_TO_DEFAULT,880,TRAINER_RIVAL_CRYSTAL_ICEPATH,trainers.party,KEEP_HARD_REMOVE_NORMAL,Keep Hard party; delete normal party block; remove Difficulty: Hard marker from kept block,Exactly one party block must remain for this trainer,CONCLUIDO
1,PROMOTE_HARD_TO_DEFAULT,881,TRAINER_RIVAL_GOLD_FINAL,trainers.party,KEEP_HARD_REMOVE_NORMAL,Keep Hard party; delete normal party block; remove Difficulty: Hard marker from kept block,Exactly one party block must remain for this trainer,CONCLUIDO
1,PROMOTE_HARD_TO_DEFAULT,882,TRAINER_RIVAL_CRYSTAL_FINAL,trainers.party,KEEP_HARD_REMOVE_NORMAL,Keep Hard party; delete normal party block; remove Difficulty: Hard marker from kept block,Exactly one party block must remain for this trainer,CONCLUIDO
1,PROMOTE_HARD_TO_DEFAULT,890,TRAINER_DIRECTOR,trainers.party,KEEP_HARD_REMOVE_NORMAL,Keep Hard party; delete normal party block; remove Difficulty: Hard marker from kept block,Exactly one party block must remain for this trainer,CONCLUIDO
1,PROMOTE_HARD_TO_DEFAULT,891,TRAINER_TITLE_DEFENSE_FALKNER,trainers.party,KEEP_HARD_REMOVE_NORMAL,Keep Hard party; delete normal party block; remove Difficulty: Hard marker from kept block,Exactly one party block must remain for this trainer,CONCLUIDO
1,PROMOTE_HARD_TO_DEFAULT,892,TRAINER_TITLE_DEFENSE_BUGSY,trainers.party,KEEP_HARD_REMOVE_NORMAL,Keep Hard party; delete normal party block; remove Difficulty: Hard marker from kept block,Exactly one party block must remain for this trainer,CONCLUIDO
1,PROMOTE_HARD_TO_DEFAULT,893,TRAINER_TITLE_DEFENSE_WHITNEY,trainers.party,KEEP_HARD_REMOVE_NORMAL,Keep Hard party; delete normal party block; remove Difficulty: Hard marker from kept block,Exactly one party block must remain for this trainer,CONCLUIDO
1,PROMOTE_HARD_TO_DEFAULT,894,TRAINER_TITLE_DEFENSE_MORTY,trainers.party,KEEP_HARD_REMOVE_NORMAL,Keep Hard party; delete normal party block; remove Difficulty: Hard marker from kept block,Exactly one party block must remain for this trainer,CONCLUIDO
1,PROMOTE_HARD_TO_DEFAULT,895,TRAINER_TITLE_DEFENSE_CHUCK,trainers.party,KEEP_HARD_REMOVE_NORMAL,Keep Hard party; delete normal party block; remove Difficulty: Hard marker from kept block,Exactly one party block must remain for this trainer,CONCLUIDO
1,PROMOTE_HARD_TO_DEFAULT,896,TRAINER_TITLE_DEFENSE_JASMINE,trainers.party,KEEP_HARD_REMOVE_NORMAL,Keep Hard party; delete normal party block; remove Difficulty: Hard marker from kept block,Exactly one party block must remain for this trainer,CONCLUIDO
1,PROMOTE_HARD_TO_DEFAULT,897,TRAINER_TITLE_DEFENSE_PRYCE,trainers.party,KEEP_HARD_REMOVE_NORMAL,Keep Hard party; delete normal party block; remove Difficulty: Hard marker from kept block,Exactly one party block must remain for this trainer,CONCLUIDO
1,PROMOTE_HARD_TO_DEFAULT,898,TRAINER_TITLE_DEFENSE_CLAIR,trainers.party,KEEP_HARD_REMOVE_NORMAL,Keep Hard party; delete normal party block; remove Difficulty: Hard marker from kept block,Exactly one party block must remain for this trainer,CONCLUIDO
1,PROMOTE_HARD_TO_DEFAULT,899,TRAINER_NAMELESS_LEAF,trainers.party,KEEP_HARD_REMOVE_NORMAL,Keep Hard party; delete normal party block; remove Difficulty: Hard marker from kept block,Exactly one party block must remain for this trainer,CONCLUIDO
1,PROMOTE_HARD_TO_DEFAULT,927,TRAINER_VAJRA_EAST_SIROCCO,trainers.party,KEEP_HARD_REMOVE_NORMAL,Keep Hard party; delete normal party block; remove Difficulty: Hard marker from kept block,Exactly one party block must remain for this trainer,CONCLUIDO
1,PROMOTE_HARD_TO_DEFAULT,928,TRAINER_VAJRA_EAST_SOL,trainers.party,KEEP_HARD_REMOVE_NORMAL,Keep Hard party; delete normal party block; remove Difficulty: Hard marker from kept block,Exactly one party block must remain for this trainer,CONCLUIDO
1,PROMOTE_HARD_TO_DEFAULT,929,TRAINER_VAJRA_EAST_DUNE,trainers.party,KEEP_HARD_REMOVE_NORMAL,Keep Hard party; delete normal party block; remove Difficulty: Hard marker from kept block,Exactly one party block must remain for this trainer,CONCLUIDO
1,PROMOTE_HARD_TO_DEFAULT,930,TRAINER_VAJRA_EAST_NORI,trainers.party,KEEP_HARD_REMOVE_NORMAL,Keep Hard party; delete normal party block; remove Difficulty: Hard marker from kept block,Exactly one party block must remain for this trainer,CONCLUIDO
1,PROMOTE_HARD_TO_DEFAULT,931,TRAINER_VAJRA_EAST_ATLAS,trainers.party,KEEP_HARD_REMOVE_NORMAL,Keep Hard party; delete normal party block; remove Difficulty: Hard marker from kept block,Exactly one party block must remain for this trainer,CONCLUIDO
1,PROMOTE_HARD_TO_DEFAULT,932,TRAINER_VAJRA_EAST_DYLAN,trainers.party,KEEP_HARD_REMOVE_NORMAL,Keep Hard party; delete normal party block; remove Difficulty: Hard marker from kept block,Exactly one party block must remain for this trainer,CONCLUIDO
1,PROMOTE_HARD_TO_DEFAULT,933,TRAINER_ROUTE50_ROWAN,trainers.party,KEEP_HARD_REMOVE_NORMAL,Keep Hard party; delete normal party block; remove Difficulty: Hard marker from kept block,Exactly one party block must remain for this trainer,CONCLUIDO
1,PROMOTE_HARD_TO_DEFAULT,934,TRAINER_ROUTE50_CASPIAN,trainers.party,KEEP_HARD_REMOVE_NORMAL,Keep Hard party; delete normal party block; remove Difficulty: Hard marker from kept block,Exactly one party block must remain for this trainer,CONCLUIDO
1,PROMOTE_HARD_TO_DEFAULT,935,TRAINER_ROUTE50_IGNIS,trainers.party,KEEP_HARD_REMOVE_NORMAL,Keep Hard party; delete normal party block; remove Difficulty: Hard marker from kept block,Exactly one party block must remain for this trainer,CONCLUIDO
1,PROMOTE_HARD_TO_DEFAULT,936,TRAINER_SPIRIT1,trainers.party,KEEP_HARD_REMOVE_NORMAL,Keep Hard party; delete normal party block; remove Difficulty: Hard marker from kept block,Exactly one party block must remain for this trainer,CONCLUIDO
1,PROMOTE_HARD_TO_DEFAULT,937,TRAINER_SPIRIT2,trainers.party,KEEP_HARD_REMOVE_NORMAL,Keep Hard party; delete normal party block; remove Difficulty: Hard marker from kept block,Exactly one party block must remain for this trainer,CONCLUIDO
1,PROMOTE_HARD_TO_DEFAULT,938,TRAINER_SPIRIT3,trainers.party,KEEP_HARD_REMOVE_NORMAL,Keep Hard party; delete normal party block; remove Difficulty: Hard marker from kept block,Exactly one party block must remain for this trainer,CONCLUIDO
1,PROMOTE_HARD_TO_DEFAULT,940,TRAINER_CAFE_DOVES,trainers.party,KEEP_HARD_REMOVE_NORMAL,Keep Hard party; delete normal party block; remove Difficulty: Hard marker from kept block,Exactly one party block must remain for this trainer,CONCLUIDO
1,PROMOTE_HARD_TO_DEFAULT,941,TRAINER_CAFE_ELTON,trainers.party,KEEP_HARD_REMOVE_NORMAL,Keep Hard party; delete normal party block; remove Difficulty: Hard marker from kept block,Exactly one party block must remain for this trainer,CONCLUIDO
1,PROMOTE_HARD_TO_DEFAULT,942,TRAINER_CAFE_NEM,trainers.party,KEEP_HARD_REMOVE_NORMAL,Keep Hard party; delete normal party block; remove Difficulty: Hard marker from kept block,Exactly one party block must remain for this trainer,CONCLUIDO
1,PROMOTE_HARD_TO_DEFAULT,943,TRAINER_CAFE_BAI,trainers.party,KEEP_HARD_REMOVE_NORMAL,Keep Hard party; delete normal party block; remove Difficulty: Hard marker from kept block,Exactly one party block must remain for this trainer,CONCLUIDO
1,PROMOTE_HARD_TO_DEFAULT,944,TRAINER_CAFE_DRAC,trainers.party,KEEP_HARD_REMOVE_NORMAL,Keep Hard party; delete normal party block; remove Difficulty: Hard marker from kept block,Exactly one party block must remain for this trainer,CONCLUIDO
1,PROMOTE_HARD_TO_DEFAULT,945,TRAINER_CAFE_JUNA,trainers.party,KEEP_HARD_REMOVE_NORMAL,Keep Hard party; delete normal party block; remove Difficulty: Hard marker from kept block,Exactly one party block must remain for this trainer,CONCLUIDO
1,PROMOTE_HARD_TO_DEFAULT,946,TRAINER_CAFE_TYLARIE,trainers.party,KEEP_HARD_REMOVE_NORMAL,Keep Hard party; delete normal party block; remove Difficulty: Hard marker from kept block,Exactly one party block must remain for this trainer,CONCLUIDO
1,PROMOTE_HARD_TO_DEFAULT,947,TRAINER_CAFE_ATHENA,trainers.party,KEEP_HARD_REMOVE_NORMAL,Keep Hard party; delete normal party block; remove Difficulty: Hard marker from kept block,Exactly one party block must remain for this trainer,CONCLUIDO
1,PROMOTE_HARD_TO_DEFAULT,948,TRAINER_TITLE_DEFENSE_ELDER_LI,trainers.party,KEEP_HARD_REMOVE_NORMAL,Keep Hard party; delete normal party block; remove Difficulty: Hard marker from kept block,Exactly one party block must remain for this trainer,CONCLUIDO
1,PROMOTE_HARD_TO_DEFAULT,949,TRAINER_TITLE_DEFENSE_DIRECTOR,trainers.party,KEEP_HARD_REMOVE_NORMAL,Keep Hard party; delete normal party block; remove Difficulty: Hard marker from kept block,Exactly one party block must remain for this trainer,CONCLUIDO
1,PROMOTE_HARD_TO_DEFAULT,950,TRAINER_TITLE_DEFENSE_LEAF,trainers.party,KEEP_HARD_REMOVE_NORMAL,Keep Hard party; delete normal party block; remove Difficulty: Hard marker from kept block,Exactly one party block must remain for this trainer,CONCLUIDO
2,MIGRATE_CANONICAL_FROM_LEGACY_MAP,263,TRAINER_GLACIA,legacy_trigger,MIGRATE_KEEP_ID,Remove obsolete legacy-map trigger but preserve this canonical Rift ID: EverGrandeCity_GlaciasRoom,Rebuild/attach the canonical Rift battle before deleting old consumers,PENDENTE_MIGRACAO
2,MIGRATE_CANONICAL_FROM_LEGACY_MAP,734,TRAINER_MAXIE_MOSSDEEP,legacy_trigger,MIGRATE_KEEP_ID,Remove obsolete legacy-map trigger but preserve this canonical Rift ID: MossdeepCity_SpaceCenter_2F,Rebuild/attach the canonical Rift battle before deleting old consumers,PENDENTE_MIGRACAO
2,REMOVE_INACCESSIBLE_LEGACY_BATTLE,1,TRAINER_SAWYER_1,legacy_trigger_and_optional_party,REMOVE,Remove trainer trigger(s) from statically unreachable legacy maps and delete its party block: MtChimney,Delete/reclaim the constant only after all engine/rematch/PWT references are gone,CONCLUIDO
2,REMOVE_INACCESSIBLE_LEGACY_BATTLE,100,TRAINER_JULIE,legacy_trigger_and_optional_party,REMOVE,Remove trainer trigger(s) from statically unreachable legacy maps and delete its party block: VictoryRoad_B2F,Delete/reclaim the constant only after all engine/rematch/PWT references are gone,CONCLUIDO
2,REMOVE_INACCESSIBLE_LEGACY_BATTLE,105,TRAINER_PATRICIA,legacy_trigger_and_optional_party,REMOVE,Remove trainer trigger(s) from statically unreachable legacy maps: Route110_TrickHousePuzzle7,Delete/reclaim the constant only after all engine/rematch/PWT references are gone,CONCLUIDO
2,REMOVE_INACCESSIBLE_LEGACY_BATTLE,106,TRAINER_KINDRA,legacy_trigger_and_optional_party,REMOVE,Remove trainer trigger(s) from statically unreachable legacy maps: Route123,Delete/reclaim the constant only after all engine/rematch/PWT references are gone,CONCLUIDO
2,REMOVE_INACCESSIBLE_LEGACY_BATTLE,108,TRAINER_VALERIE_1,legacy_trigger_and_optional_party,REMOVE,Remove trainer trigger(s) from statically unreachable legacy maps: MtPyre_6F,Delete/reclaim the constant only after all engine/rematch/PWT references are gone,CONCLUIDO
2,REMOVE_INACCESSIBLE_LEGACY_BATTLE,109,TRAINER_TASHA,legacy_trigger_and_optional_party,REMOVE,Remove trainer trigger(s) from statically unreachable legacy maps: MtPyre_5F,Delete/reclaim the constant only after all engine/rematch/PWT references are gone,CONCLUIDO
2,REMOVE_INACCESSIBLE_LEGACY_BATTLE,11,TRAINER_MARCEL,legacy_trigger_and_optional_party,REMOVE,Remove trainer trigger(s) from statically unreachable legacy maps: Route121,Delete/reclaim the constant only after all engine/rematch/PWT references are gone,CONCLUIDO
2,REMOVE_INACCESSIBLE_LEGACY_BATTLE,119,TRAINER_NAOMI,legacy_trigger_and_optional_party,REMOVE,Remove trainer trigger(s) from statically unreachable legacy maps: SSTidalCorridor|SSTidalRooms,Delete/reclaim the constant only after all engine/rematch/PWT references are gone,CONCLUIDO
2,REMOVE_INACCESSIBLE_LEGACY_BATTLE,124,TRAINER_MELISSA,legacy_trigger_and_optional_party,REMOVE,Remove trainer trigger(s) from statically unreachable legacy maps: MtChimney,Delete/reclaim the constant only after all engine/rematch/PWT references are gone,CONCLUIDO
2,REMOVE_INACCESSIBLE_LEGACY_BATTLE,125,TRAINER_SHEILA,legacy_trigger_and_optional_party,REMOVE,Remove trainer trigger(s) from statically unreachable legacy maps: MtChimney,Delete/reclaim the constant only after all engine/rematch/PWT references are gone,CONCLUIDO
2,REMOVE_INACCESSIBLE_LEGACY_BATTLE,136,TRAINER_WINSTON_1,legacy_trigger_and_optional_party,REMOVE,Remove trainer trigger(s) from statically unreachable legacy maps: Route104,Delete/reclaim the constant only after all engine/rematch/PWT references are gone,CONCLUIDO
2,REMOVE_INACCESSIBLE_LEGACY_BATTLE,137,TRAINER_MOLLIE,legacy_trigger_and_optional_party,REMOVE,Remove trainer trigger(s) from statically unreachable legacy maps: Route133,Delete/reclaim the constant only after all engine/rematch/PWT references are gone,CONCLUIDO
2,REMOVE_INACCESSIBLE_LEGACY_BATTLE,138,TRAINER_GARRET,legacy_trigger_and_optional_party,REMOVE,Remove trainer trigger(s) from statically unreachable legacy maps: SSTidalCorridor|SSTidalRooms,Delete/reclaim the constant only after all engine/rematch/PWT references are gone,CONCLUIDO
2,REMOVE_INACCESSIBLE_LEGACY_BATTLE,143,TRAINER_STEVE_1,legacy_trigger_and_optional_party,REMOVE,Remove trainer trigger(s) from statically unreachable legacy maps: Route114,Delete/reclaim the constant only after all engine/rematch/PWT references are gone,CONCLUIDO
2,REMOVE_INACCESSIBLE_LEGACY_BATTLE,144,TRAINER_THALIA_1,legacy_trigger_and_optional_party,REMOVE,Remove trainer trigger(s) from statically unreachable legacy maps: AbandonedShip_Rooms_1F,Delete/reclaim the constant only after all engine/rematch/PWT references are gone,CONCLUIDO
2,REMOVE_INACCESSIBLE_LEGACY_BATTLE,151,TRAINER_LUIS,legacy_trigger_and_optional_party,REMOVE,Remove trainer trigger(s) from statically unreachable legacy maps: Route105,Delete/reclaim the constant only after all engine/rematch/PWT references are gone,CONCLUIDO
2,REMOVE_INACCESSIBLE_LEGACY_BATTLE,155,TRAINER_TONY_1,legacy_trigger_and_optional_party,REMOVE,Remove trainer trigger(s) from statically unreachable legacy maps: Route107,Delete/reclaim the constant only after all engine/rematch/PWT references are gone,CONCLUIDO
2,REMOVE_INACCESSIBLE_LEGACY_BATTLE,157,TRAINER_MATTHEW,legacy_trigger_and_optional_party,REMOVE,Remove trainer trigger(s) from statically unreachable legacy maps: Route108,Delete/reclaim the constant only after all engine/rematch/PWT references are gone,CONCLUIDO
2,REMOVE_INACCESSIBLE_LEGACY_BATTLE,158,TRAINER_DAVID,legacy_trigger_and_optional_party,REMOVE,Remove trainer trigger(s) from statically unreachable legacy maps and delete its party block: Route109,Delete/reclaim the constant only after all engine/rematch/PWT references are gone,CONCLUIDO
2,REMOVE_INACCESSIBLE_LEGACY_BATTLE,161,TRAINER_NOLEN,legacy_trigger_and_optional_party,REMOVE,Remove trainer trigger(s) from statically unreachable legacy maps: Route125,Delete/reclaim the constant only after all engine/rematch/PWT references are gone,CONCLUIDO
2,REMOVE_INACCESSIBLE_LEGACY_BATTLE,165,TRAINER_RODNEY,legacy_trigger_and_optional_party,REMOVE,Remove trainer trigger(s) from statically unreachable legacy maps and delete its party block: Route130,Delete/reclaim the constant only after all engine/rematch/PWT references are gone,CONCLUIDO
2,REMOVE_INACCESSIBLE_LEGACY_BATTLE,168,TRAINER_SANTIAGO,legacy_trigger_and_optional_party,REMOVE,Remove trainer trigger(s) from statically unreachable legacy maps: Route130,Delete/reclaim the constant only after all engine/rematch/PWT references are gone,CONCLUIDO
2,REMOVE_INACCESSIBLE_LEGACY_BATTLE,179,TRAINER_TAKAO,legacy_trigger_and_optional_party,REMOVE,Remove trainer trigger(s) from statically unreachable legacy maps: DewfordTown_Gym,Delete/reclaim the constant only after all engine/rematch/PWT references are gone,CONCLUIDO
2,REMOVE_INACCESSIBLE_LEGACY_BATTLE,182,TRAINER_KOICHI,legacy_trigger_and_optional_party,REMOVE,Remove trainer trigger(s) from statically unreachable legacy maps: Route115,Delete/reclaim the constant only after all engine/rematch/PWT references are gone,CONCLUIDO
2,REMOVE_INACCESSIBLE_LEGACY_BATTLE,183,TRAINER_NOB_1,legacy_trigger_and_optional_party,REMOVE,Remove trainer trigger(s) from statically unreachable legacy maps: Route115,Delete/reclaim the constant only after all engine/rematch/PWT references are gone,CONCLUIDO
2,REMOVE_INACCESSIBLE_LEGACY_BATTLE,188,TRAINER_YUJI,legacy_trigger_and_optional_party,REMOVE,Remove trainer trigger(s) from statically unreachable legacy maps: Route110_TrickHousePuzzle4,Delete/reclaim the constant only after all engine/rematch/PWT references are gone,CONCLUIDO
2,REMOVE_INACCESSIBLE_LEGACY_BATTLE,194,TRAINER_SHAWN,legacy_trigger_and_optional_party,REMOVE,Remove trainer trigger(s) from statically unreachable legacy maps and delete its party block: MauvilleCity_Gym,Delete/reclaim the constant only after all engine/rematch/PWT references are gone,CONCLUIDO
2,REMOVE_INACCESSIBLE_LEGACY_BATTLE,201,TRAINER_COLE,legacy_trigger_and_optional_party,REMOVE,Remove trainer trigger(s) from statically unreachable legacy maps: LavaridgeTown_Gym_1F,Delete/reclaim the constant only after all engine/rematch/PWT references are gone,CONCLUIDO
2,REMOVE_INACCESSIBLE_LEGACY_BATTLE,205,TRAINER_KEEGAN,legacy_trigger_and_optional_party,REMOVE,Remove trainer trigger(s) from statically unreachable legacy maps: LavaridgeTown_Gym_1F|LavaridgeTown_Gym_B1F,Delete/reclaim the constant only after all engine/rematch/PWT references are gone,CONCLUIDO
2,REMOVE_INACCESSIBLE_LEGACY_BATTLE,218,TRAINER_TRAVIS,legacy_trigger_and_optional_party,REMOVE,Remove trainer trigger(s) from statically unreachable legacy maps: Route111,Delete/reclaim the constant only after all engine/rematch/PWT references are gone,CONCLUIDO
2,REMOVE_INACCESSIBLE_LEGACY_BATTLE,225,TRAINER_TAYLOR,legacy_trigger_and_optional_party,REMOVE,Remove trainer trigger(s) from statically unreachable legacy maps: Route119,Delete/reclaim the constant only after all engine/rematch/PWT references are gone,CONCLUIDO
2,REMOVE_INACCESSIBLE_LEGACY_BATTLE,234,TRAINER_VIRGIL,legacy_trigger_and_optional_party,REMOVE,Remove trainer trigger(s) from statically unreachable legacy maps and delete its party block: MossdeepCity_Gym,Delete/reclaim the constant only after all engine/rematch/PWT references are gone,CONCLUIDO
2,REMOVE_INACCESSIBLE_LEGACY_BATTLE,243,TRAINER_JACLYN,legacy_trigger_and_optional_party,REMOVE,Remove trainer trigger(s) from statically unreachable legacy maps and delete its party block: Route110,Delete/reclaim the constant only after all engine/rematch/PWT references are gone,CONCLUIDO
2,REMOVE_INACCESSIBLE_LEGACY_BATTLE,246,TRAINER_MAURA,legacy_trigger_and_optional_party,REMOVE,Remove trainer trigger(s) from statically unreachable legacy maps: MossdeepCity_Gym,Delete/reclaim the constant only after all engine/rematch/PWT references are gone,CONCLUIDO
2,REMOVE_INACCESSIBLE_LEGACY_BATTLE,247,TRAINER_KAYLA,legacy_trigger_and_optional_party,REMOVE,Remove trainer trigger(s) from statically unreachable legacy maps: MtPyre_3F,Delete/reclaim the constant only after all engine/rematch/PWT references are gone,CONCLUIDO
2,REMOVE_INACCESSIBLE_LEGACY_BATTLE,254,TRAINER_WALTER_1,legacy_trigger_and_optional_party,REMOVE,Remove trainer trigger(s) from statically unreachable legacy maps: Route121,Delete/reclaim the constant only after all engine/rematch/PWT references are gone,CONCLUIDO
2,REMOVE_INACCESSIBLE_LEGACY_BATTLE,255,TRAINER_MICAH,legacy_trigger_and_optional_party,REMOVE,Remove trainer trigger(s) from statically unreachable legacy maps: SSTidalCorridor|SSTidalRooms,Delete/reclaim the constant only after all engine/rematch/PWT references are gone,CONCLUIDO
2,REMOVE_INACCESSIBLE_LEGACY_BATTLE,256,TRAINER_THOMAS,legacy_trigger_and_optional_party,REMOVE,Remove trainer trigger(s) from statically unreachable legacy maps and delete its party block: SSTidalCorridor|SSTidalRooms,Delete/reclaim the constant only after all engine/rematch/PWT references are gone,CONCLUIDO
2,REMOVE_INACCESSIBLE_LEGACY_BATTLE,262,TRAINER_PHOEBE,legacy_trigger_and_optional_party,REMOVE,Remove trainer trigger(s) from statically unreachable legacy maps: EverGrandeCity_PhoebesRoom,Delete/reclaim the constant only after all engine/rematch/PWT references are gone,CONCLUIDO
2,REMOVE_INACCESSIBLE_LEGACY_BATTLE,265,TRAINER_ROXANNE_1,legacy_trigger_and_optional_party,REMOVE,Remove trainer trigger(s) from statically unreachable legacy maps: RustboroCity_Gym,Delete/reclaim the constant only after all engine/rematch/PWT references are gone,CONCLUIDO
2,REMOVE_INACCESSIBLE_LEGACY_BATTLE,267,TRAINER_WATTSON_1,legacy_trigger_and_optional_party,REMOVE,Remove trainer trigger(s) from statically unreachable legacy maps: MauvilleCity_Gym,Delete/reclaim the constant only after all engine/rematch/PWT references are gone,CONCLUIDO
2,REMOVE_INACCESSIBLE_LEGACY_BATTLE,269,TRAINER_NORMAN_1,legacy_trigger_and_optional_party,REMOVE,Remove trainer trigger(s) from statically unreachable legacy maps: PetalburgCity_Gym,Delete/reclaim the constant only after all engine/rematch/PWT references are gone,CONCLUIDO
2,REMOVE_INACCESSIBLE_LEGACY_BATTLE,270,TRAINER_WINONA_1,legacy_trigger_and_optional_party,REMOVE,Remove trainer trigger(s) from statically unreachable legacy maps: FortreeCity_Gym,Delete/reclaim the constant only after all engine/rematch/PWT references are gone,CONCLUIDO
2,REMOVE_INACCESSIBLE_LEGACY_BATTLE,271,TRAINER_TATE_AND_LIZA_1,legacy_trigger_and_optional_party,REMOVE,Remove trainer trigger(s) from statically unreachable legacy maps: MossdeepCity_Gym,Delete/reclaim the constant only after all engine/rematch/PWT references are gone,CONCLUIDO
2,REMOVE_INACCESSIBLE_LEGACY_BATTLE,272,TRAINER_JUAN_1,legacy_trigger_and_optional_party,REMOVE,Remove trainer trigger(s) from statically unreachable legacy maps: SootopolisCity_Gym_1F,Delete/reclaim the constant only after all engine/rematch/PWT references are gone,CONCLUIDO
2,REMOVE_INACCESSIBLE_LEGACY_BATTLE,281,TRAINER_GEORGIA,legacy_trigger_and_optional_party,REMOVE,Remove trainer trigger(s) from statically unreachable legacy maps and delete its party block: Route110_TrickHousePuzzle2,Delete/reclaim the constant only after all engine/rematch/PWT references are gone,CONCLUIDO
2,REMOVE_INACCESSIBLE_LEGACY_BATTLE,286,TRAINER_KATE_AND_JOY,legacy_trigger_and_optional_party,REMOVE,Remove trainer trigger(s) from statically unreachable legacy maps: Route121,Delete/reclaim the constant only after all engine/rematch/PWT references are gone,CONCLUIDO
2,REMOVE_INACCESSIBLE_LEGACY_BATTLE,287,TRAINER_ANNA_AND_MEG_1,legacy_trigger_and_optional_party,REMOVE,Remove trainer trigger(s) from statically unreachable legacy maps: Route117,Delete/reclaim the constant only after all engine/rematch/PWT references are gone,CONCLUIDO
2,REMOVE_INACCESSIBLE_LEGACY_BATTLE,292,TRAINER_VICTOR,legacy_trigger_and_optional_party,REMOVE,Remove trainer trigger(s) from statically unreachable legacy maps: Route111,Delete/reclaim the constant only after all engine/rematch/PWT references are gone,CONCLUIDO
2,REMOVE_INACCESSIBLE_LEGACY_BATTLE,293,TRAINER_MIGUEL_1,legacy_trigger_and_optional_party,REMOVE,Remove trainer trigger(s) from statically unreachable legacy maps: Route103,Delete/reclaim the constant only after all engine/rematch/PWT references are gone,CONCLUIDO
2,REMOVE_INACCESSIBLE_LEGACY_BATTLE,30,TRAINER_MATT,legacy_trigger_and_optional_party,REMOVE,Remove trainer trigger(s) from statically unreachable legacy maps: AquaHideout_B2F,Delete/reclaim the constant only after all engine/rematch/PWT references are gone,CONCLUIDO
2,REMOVE_INACCESSIBLE_LEGACY_BATTLE,300,TRAINER_VANESSA,legacy_trigger_and_optional_party,REMOVE,Remove trainer trigger(s) from statically unreachable legacy maps: Route121,Delete/reclaim the constant only after all engine/rematch/PWT references are gone,CONCLUIDO
2,REMOVE_INACCESSIBLE_LEGACY_BATTLE,301,TRAINER_BETHANY,legacy_trigger_and_optional_party,REMOVE,Remove trainer trigger(s) from statically unreachable legacy maps and delete its party block: SootopolisCity_Gym_B1F,Delete/reclaim the constant only after all engine/rematch/PWT references are gone,CONCLUIDO
2,REMOVE_INACCESSIBLE_LEGACY_BATTLE,307,TRAINER_TIMOTHY_1,legacy_trigger_and_optional_party,REMOVE,Remove trainer trigger(s) from statically unreachable legacy maps: Route115,Delete/reclaim the constant only after all engine/rematch/PWT references are gone,CONCLUIDO
2,REMOVE_INACCESSIBLE_LEGACY_BATTLE,31,TRAINER_ZANDER,legacy_trigger_and_optional_party,REMOVE,Remove trainer trigger(s) from statically unreachable legacy maps: MtPyre_2F,Delete/reclaim the constant only after all engine/rematch/PWT references are gone,CONCLUIDO
2,REMOVE_INACCESSIBLE_LEGACY_BATTLE,312,TRAINER_VICKY,legacy_trigger_and_optional_party,REMOVE,Remove trainer trigger(s) from statically unreachable legacy maps: Route111,Delete/reclaim the constant only after all engine/rematch/PWT references are gone,CONCLUIDO
2,REMOVE_INACCESSIBLE_LEGACY_BATTLE,313,TRAINER_SHELBY_1,legacy_trigger_and_optional_party,REMOVE,Remove trainer trigger(s) from statically unreachable legacy maps: MtChimney,Delete/reclaim the constant only after all engine/rematch/PWT references are gone,CONCLUIDO
2,REMOVE_INACCESSIBLE_LEGACY_BATTLE,323,TRAINER_BEN,legacy_trigger_and_optional_party,REMOVE,Remove trainer trigger(s) from statically unreachable legacy maps and delete its party block: MauvilleCity_Gym,Delete/reclaim the constant only after all engine/rematch/PWT references are gone,CONCLUIDO
2,REMOVE_INACCESSIBLE_LEGACY_BATTLE,324,TRAINER_QUINCY,legacy_trigger_and_optional_party,REMOVE,Remove trainer trigger(s) from statically unreachable legacy maps: VictoryRoad_1F,Delete/reclaim the constant only after all engine/rematch/PWT references are gone,CONCLUIDO
2,REMOVE_INACCESSIBLE_LEGACY_BATTLE,325,TRAINER_KATELYNN,legacy_trigger_and_optional_party,REMOVE,Remove trainer trigger(s) from statically unreachable legacy maps: VictoryRoad_1F,Delete/reclaim the constant only after all engine/rematch/PWT references are gone,CONCLUIDO
2,REMOVE_INACCESSIBLE_LEGACY_BATTLE,334,TRAINER_TIMMY,legacy_trigger_and_optional_party,REMOVE,Remove trainer trigger(s) from statically unreachable legacy maps: Route110,Delete/reclaim the constant only after all engine/rematch/PWT references are gone,CONCLUIDO
2,REMOVE_INACCESSIBLE_LEGACY_BATTLE,335,TRAINER_WALLACE,legacy_trigger_and_optional_party,REMOVE,Remove trainer trigger(s) from statically unreachable legacy maps: EverGrandeCity_ChampionsRoom,Delete/reclaim the constant only after all engine/rematch/PWT references are gone,CONCLUIDO
2,REMOVE_INACCESSIBLE_LEGACY_BATTLE,338,TRAINER_CLAUDE,legacy_trigger_and_optional_party,REMOVE,Remove trainer trigger(s) from statically unreachable legacy maps: Route114,Delete/reclaim the constant only after all engine/rematch/PWT references are gone,CONCLUIDO
2,REMOVE_INACCESSIBLE_LEGACY_BATTLE,340,TRAINER_NED,legacy_trigger_and_optional_party,REMOVE,Remove trainer trigger(s) from statically unreachable legacy maps and delete its party block: Route106,Delete/reclaim the constant only after all engine/rematch/PWT references are gone,CONCLUIDO
2,REMOVE_INACCESSIBLE_LEGACY_BATTLE,341,TRAINER_DALE,legacy_trigger_and_optional_party,REMOVE,Remove trainer trigger(s) from statically unreachable legacy maps and delete its party block: Route110,Delete/reclaim the constant only after all engine/rematch/PWT references are gone,CONCLUIDO
2,REMOVE_INACCESSIBLE_LEGACY_BATTLE,342,TRAINER_NOLAN,legacy_trigger_and_optional_party,REMOVE,Remove trainer trigger(s) from statically unreachable legacy maps: Route114,Delete/reclaim the constant only after all engine/rematch/PWT references are gone,CONCLUIDO
2,REMOVE_INACCESSIBLE_LEGACY_BATTLE,35,TRAINER_LEAH,legacy_trigger_and_optional_party,REMOVE,Remove trainer trigger(s) from statically unreachable legacy maps: MtPyre_2F,Delete/reclaim the constant only after all engine/rematch/PWT references are gone,CONCLUIDO
2,REMOVE_INACCESSIBLE_LEGACY_BATTLE,353,TRAINER_BENJAMIN_1,legacy_trigger_and_optional_party,REMOVE,Remove trainer trigger(s) from statically unreachable legacy maps: Route110,Delete/reclaim the constant only after all engine/rematch/PWT references are gone,CONCLUIDO
2,REMOVE_INACCESSIBLE_LEGACY_BATTLE,359,TRAINER_JASMINE,legacy_trigger_and_optional_party,REMOVE,Remove trainer trigger(s) from statically unreachable legacy maps: Route110,Delete/reclaim the constant only after all engine/rematch/PWT references are gone,CONCLUIDO
2,REMOVE_INACCESSIBLE_LEGACY_BATTLE,369,TRAINER_MARIA_1,legacy_trigger_and_optional_party,REMOVE,Remove trainer trigger(s) from statically unreachable legacy maps: Route117,Delete/reclaim the constant only after all engine/rematch/PWT references are gone,CONCLUIDO
2,REMOVE_INACCESSIBLE_LEGACY_BATTLE,377,TRAINER_PABLO_1,legacy_trigger_and_optional_party,REMOVE,Remove trainer trigger(s) from statically unreachable legacy maps: Route126,Delete/reclaim the constant only after all engine/rematch/PWT references are gone,CONCLUIDO
2,REMOVE_INACCESSIBLE_LEGACY_BATTLE,385,TRAINER_TALIA,legacy_trigger_and_optional_party,REMOVE,Remove trainer trigger(s) from statically unreachable legacy maps: Route131,Delete/reclaim the constant only after all engine/rematch/PWT references are gone,CONCLUIDO
2,REMOVE_INACCESSIBLE_LEGACY_BATTLE,386,TRAINER_KATELYN_1,legacy_trigger_and_optional_party,REMOVE,Remove trainer trigger(s) from statically unreachable legacy maps: Route128,Delete/reclaim the constant only after all engine/rematch/PWT references are gone,CONCLUIDO
2,REMOVE_INACCESSIBLE_LEGACY_BATTLE,39,TRAINER_VIOLET,legacy_trigger_and_optional_party,REMOVE,Remove trainer trigger(s) from statically unreachable legacy maps: Route123,Delete/reclaim the constant only after all engine/rematch/PWT references are gone,CONCLUIDO
2,REMOVE_INACCESSIBLE_LEGACY_BATTLE,392,TRAINER_NICOLAS_1,legacy_trigger_and_optional_party,REMOVE,Remove trainer trigger(s) from statically unreachable legacy maps: MeteorFalls_1F_2R,Delete/reclaim the constant only after all engine/rematch/PWT references are gone,CONCLUIDO
2,REMOVE_INACCESSIBLE_LEGACY_BATTLE,403,TRAINER_PRESLEY,legacy_trigger_and_optional_party,REMOVE,Remove trainer trigger(s) from statically unreachable legacy maps: Route125,Delete/reclaim the constant only after all engine/rematch/PWT references are gone,CONCLUIDO
2,REMOVE_INACCESSIBLE_LEGACY_BATTLE,406,TRAINER_ROBERT_1,legacy_trigger_and_optional_party,REMOVE,Remove trainer trigger(s) from statically unreachable legacy maps: Route120,Delete/reclaim the constant only after all engine/rematch/PWT references are gone,CONCLUIDO
2,REMOVE_INACCESSIBLE_LEGACY_BATTLE,415,TRAINER_YASU,legacy_trigger_and_optional_party,REMOVE,Remove trainer trigger(s) from statically unreachable legacy maps: Route119,Delete/reclaim the constant only after all engine/rematch/PWT references are gone,CONCLUIDO
2,REMOVE_INACCESSIBLE_LEGACY_BATTLE,416,TRAINER_TAKASHI,legacy_trigger_and_optional_party,REMOVE,Remove trainer trigger(s) from statically unreachable legacy maps: Route119,Delete/reclaim the constant only after all engine/rematch/PWT references are gone,CONCLUIDO
2,REMOVE_INACCESSIBLE_LEGACY_BATTLE,418,TRAINER_JANI,legacy_trigger_and_optional_party,REMOVE,Remove trainer trigger(s) from statically unreachable legacy maps: AbandonedShip_Rooms2_1F,Delete/reclaim the constant only after all engine/rematch/PWT references are gone,CONCLUIDO
2,REMOVE_INACCESSIBLE_LEGACY_BATTLE,419,TRAINER_LAO_1,legacy_trigger_and_optional_party,REMOVE,Remove trainer trigger(s) from statically unreachable legacy maps: Route113,Delete/reclaim the constant only after all engine/rematch/PWT references are gone,CONCLUIDO
2,REMOVE_INACCESSIBLE_LEGACY_BATTLE,425,TRAINER_JOCELYN,legacy_trigger_and_optional_party,REMOVE,Remove trainer trigger(s) from statically unreachable legacy maps: DewfordTown_Gym,Delete/reclaim the constant only after all engine/rematch/PWT references are gone,CONCLUIDO
2,REMOVE_INACCESSIBLE_LEGACY_BATTLE,434,TRAINER_MADELINE_1,legacy_trigger_and_optional_party,REMOVE,Remove trainer trigger(s) from statically unreachable legacy maps: Route113,Delete/reclaim the constant only after all engine/rematch/PWT references are gone,CONCLUIDO
2,REMOVE_INACCESSIBLE_LEGACY_BATTLE,436,TRAINER_ANGELICA,legacy_trigger_and_optional_party,REMOVE,Remove trainer trigger(s) from statically unreachable legacy maps and delete its party block: Route120,Delete/reclaim the constant only after all engine/rematch/PWT references are gone,CONCLUIDO
2,REMOVE_INACCESSIBLE_LEGACY_BATTLE,443,TRAINER_KYLA,legacy_trigger_and_optional_party,REMOVE,Remove trainer trigger(s) from statically unreachable legacy maps: Route106,Delete/reclaim the constant only after all engine/rematch/PWT references are gone,CONCLUIDO
2,REMOVE_INACCESSIBLE_LEGACY_BATTLE,446,TRAINER_TARA,legacy_trigger_and_optional_party,REMOVE,Remove trainer trigger(s) from statically unreachable legacy maps and delete its party block: Route108,Delete/reclaim the constant only after all engine/rematch/PWT references are gone,CONCLUIDO
2,REMOVE_INACCESSIBLE_LEGACY_BATTLE,447,TRAINER_MISSY,legacy_trigger_and_optional_party,REMOVE,Remove trainer trigger(s) from statically unreachable legacy maps: Route108,Delete/reclaim the constant only after all engine/rematch/PWT references are gone,CONCLUIDO
2,REMOVE_INACCESSIBLE_LEGACY_BATTLE,454,TRAINER_BRENDA,legacy_trigger_and_optional_party,REMOVE,Remove trainer trigger(s) from statically unreachable legacy maps and delete its party block: Route126,Delete/reclaim the constant only after all engine/rematch/PWT references are gone,CONCLUIDO
2,REMOVE_INACCESSIBLE_LEGACY_BATTLE,455,TRAINER_KATIE,legacy_trigger_and_optional_party,REMOVE,Remove trainer trigger(s) from statically unreachable legacy maps and delete its party block: Route130,Delete/reclaim the constant only after all engine/rematch/PWT references are gone,CONCLUIDO
2,REMOVE_INACCESSIBLE_LEGACY_BATTLE,459,TRAINER_SIENNA,legacy_trigger_and_optional_party,REMOVE,Remove trainer trigger(s) from statically unreachable legacy maps: Route126,Delete/reclaim the constant only after all engine/rematch/PWT references are gone,CONCLUIDO
2,REMOVE_INACCESSIBLE_LEGACY_BATTLE,463,TRAINER_LAUREL,legacy_trigger_and_optional_party,REMOVE,Remove trainer trigger(s) from statically unreachable legacy maps: Route134,Delete/reclaim the constant only after all engine/rematch/PWT references are gone,CONCLUIDO
2,REMOVE_INACCESSIBLE_LEGACY_BATTLE,472,TRAINER_NANCY,legacy_trigger_and_optional_party,REMOVE,Remove trainer trigger(s) from statically unreachable legacy maps: Route114,Delete/reclaim the constant only after all engine/rematch/PWT references are gone,CONCLUIDO
2,REMOVE_INACCESSIBLE_LEGACY_BATTLE,484,TRAINER_MIU_AND_YUKI,legacy_trigger_and_optional_party,REMOVE,Remove trainer trigger(s) from statically unreachable legacy maps: Route123,Delete/reclaim the constant only after all engine/rematch/PWT references are gone,CONCLUIDO
2,REMOVE_INACCESSIBLE_LEGACY_BATTLE,501,TRAINER_ELI,legacy_trigger_and_optional_party,REMOVE,Remove trainer trigger(s) from statically unreachable legacy maps: LavaridgeTown_Gym_1F|LavaridgeTown_Gym_B1F,Delete/reclaim the constant only after all engine/rematch/PWT references are gone,CONCLUIDO
2,REMOVE_INACCESSIBLE_LEGACY_BATTLE,504,TRAINER_JONAS,legacy_trigger_and_optional_party,REMOVE,Remove trainer trigger(s) from statically unreachable legacy maps: Route123,Delete/reclaim the constant only after all engine/rematch/PWT references are gone,CONCLUIDO
2,REMOVE_INACCESSIBLE_LEGACY_BATTLE,505,TRAINER_KAYLEY,legacy_trigger_and_optional_party,REMOVE,Remove trainer trigger(s) from statically unreachable legacy maps: Route123,Delete/reclaim the constant only after all engine/rematch/PWT references are gone,CONCLUIDO
2,REMOVE_INACCESSIBLE_LEGACY_BATTLE,507,TRAINER_KELVIN,legacy_trigger_and_optional_party,REMOVE,Remove trainer trigger(s) from statically unreachable legacy maps: Route134,Delete/reclaim the constant only after all engine/rematch/PWT references are gone,CONCLUIDO
2,REMOVE_INACCESSIBLE_LEGACY_BATTLE,508,TRAINER_MARLEY,legacy_trigger_and_optional_party,REMOVE,Remove trainer trigger(s) from statically unreachable legacy maps: Route134,Delete/reclaim the constant only after all engine/rematch/PWT references are gone,CONCLUIDO
2,REMOVE_INACCESSIBLE_LEGACY_BATTLE,509,TRAINER_REYNA,legacy_trigger_and_optional_party,REMOVE,Remove trainer trigger(s) from statically unreachable legacy maps: Route134,Delete/reclaim the constant only after all engine/rematch/PWT references are gone,CONCLUIDO
2,REMOVE_INACCESSIBLE_LEGACY_BATTLE,514,TRAINER_TABITHA_MOSSDEEP,legacy_trigger_and_optional_party,REMOVE,Remove trainer trigger(s) from statically unreachable legacy maps: MossdeepCity_SpaceCenter_2F,Delete/reclaim the constant only after all engine/rematch/PWT references are gone,CONCLUIDO
2,REMOVE_INACCESSIBLE_LEGACY_BATTLE,519,TRAINER_WALLY_VR_1,legacy_trigger_and_optional_party,REMOVE,Remove trainer trigger(s) from statically unreachable legacy maps: VictoryRoad_1F,Delete/reclaim the constant only after all engine/rematch/PWT references are gone,CONCLUIDO
2,REMOVE_INACCESSIBLE_LEGACY_BATTLE,522,TRAINER_BRENDAN_ROUTE_119_MUDKIP,legacy_trigger_and_optional_party,REMOVE,Remove trainer trigger(s) from statically unreachable legacy maps: Route119,Delete/reclaim the constant only after all engine/rematch/PWT references are gone,CONCLUIDO
2,REMOVE_INACCESSIBLE_LEGACY_BATTLE,523,TRAINER_BRENDAN_ROUTE_103_TREECKO,legacy_trigger_and_optional_party,REMOVE,Remove trainer trigger(s) from statically unreachable legacy maps: Route103,Delete/reclaim the constant only after all engine/rematch/PWT references are gone,CONCLUIDO
2,REMOVE_INACCESSIBLE_LEGACY_BATTLE,524,TRAINER_BRENDAN_ROUTE_110_TREECKO,legacy_trigger_and_optional_party,REMOVE,Remove trainer trigger(s) from statically unreachable legacy maps: Route110,Delete/reclaim the constant only after all engine/rematch/PWT references are gone,CONCLUIDO
2,REMOVE_INACCESSIBLE_LEGACY_BATTLE,525,TRAINER_BRENDAN_ROUTE_119_TREECKO,legacy_trigger_and_optional_party,REMOVE,Remove trainer trigger(s) from statically unreachable legacy maps: Route119,Delete/reclaim the constant only after all engine/rematch/PWT references are gone,CONCLUIDO
2,REMOVE_INACCESSIBLE_LEGACY_BATTLE,526,TRAINER_BRENDAN_ROUTE_103_TORCHIC,legacy_trigger_and_optional_party,REMOVE,Remove trainer trigger(s) from statically unreachable legacy maps: Route103,Delete/reclaim the constant only after all engine/rematch/PWT references are gone,CONCLUIDO
2,REMOVE_INACCESSIBLE_LEGACY_BATTLE,527,TRAINER_BRENDAN_ROUTE_110_TORCHIC,legacy_trigger_and_optional_party,REMOVE,Remove trainer trigger(s) from statically unreachable legacy maps: Route110,Delete/reclaim the constant only after all engine/rematch/PWT references are gone,CONCLUIDO
2,REMOVE_INACCESSIBLE_LEGACY_BATTLE,528,TRAINER_BRENDAN_ROUTE_119_TORCHIC,legacy_trigger_and_optional_party,REMOVE,Remove trainer trigger(s) from statically unreachable legacy maps: Route119,Delete/reclaim the constant only after all engine/rematch/PWT references are gone,CONCLUIDO
2,REMOVE_INACCESSIBLE_LEGACY_BATTLE,529,TRAINER_MAY_ROUTE_103_MUDKIP,legacy_trigger_and_optional_party,REMOVE,Remove trainer trigger(s) from statically unreachable legacy maps: Route103,Delete/reclaim the constant only after all engine/rematch/PWT references are gone,CONCLUIDO
2,REMOVE_INACCESSIBLE_LEGACY_BATTLE,530,TRAINER_MAY_ROUTE_110_MUDKIP,legacy_trigger_and_optional_party,REMOVE,Remove trainer trigger(s) from statically unreachable legacy maps: Route110,Delete/reclaim the constant only after all engine/rematch/PWT references are gone,CONCLUIDO
2,REMOVE_INACCESSIBLE_LEGACY_BATTLE,531,TRAINER_MAY_ROUTE_119_MUDKIP,legacy_trigger_and_optional_party,REMOVE,Remove trainer trigger(s) from statically unreachable legacy maps: Route119,Delete/reclaim the constant only after all engine/rematch/PWT references are gone,CONCLUIDO
2,REMOVE_INACCESSIBLE_LEGACY_BATTLE,532,TRAINER_MAY_ROUTE_103_TREECKO,legacy_trigger_and_optional_party,REMOVE,Remove trainer trigger(s) from statically unreachable legacy maps: Route103,Delete/reclaim the constant only after all engine/rematch/PWT references are gone,CONCLUIDO
2,REMOVE_INACCESSIBLE_LEGACY_BATTLE,533,TRAINER_MAY_ROUTE_110_TREECKO,legacy_trigger_and_optional_party,REMOVE,Remove trainer trigger(s) from statically unreachable legacy maps: Route110,Delete/reclaim the constant only after all engine/rematch/PWT references are gone,CONCLUIDO
2,REMOVE_INACCESSIBLE_LEGACY_BATTLE,534,TRAINER_MAY_ROUTE_119_TREECKO,legacy_trigger_and_optional_party,REMOVE,Remove trainer trigger(s) from statically unreachable legacy maps: Route119,Delete/reclaim the constant only after all engine/rematch/PWT references are gone,CONCLUIDO
2,REMOVE_INACCESSIBLE_LEGACY_BATTLE,535,TRAINER_MAY_ROUTE_103_TORCHIC,legacy_trigger_and_optional_party,REMOVE,Remove trainer trigger(s) from statically unreachable legacy maps: Route103,Delete/reclaim the constant only after all engine/rematch/PWT references are gone,CONCLUIDO
2,REMOVE_INACCESSIBLE_LEGACY_BATTLE,536,TRAINER_MAY_ROUTE_110_TORCHIC,legacy_trigger_and_optional_party,REMOVE,Remove trainer trigger(s) from statically unreachable legacy maps: Route110,Delete/reclaim the constant only after all engine/rematch/PWT references are gone,CONCLUIDO
2,REMOVE_INACCESSIBLE_LEGACY_BATTLE,537,TRAINER_MAY_ROUTE_119_TORCHIC,legacy_trigger_and_optional_party,REMOVE,Remove trainer trigger(s) from statically unreachable legacy maps: Route119,Delete/reclaim the constant only after all engine/rematch/PWT references are gone,CONCLUIDO
2,REMOVE_INACCESSIBLE_LEGACY_BATTLE,540,TRAINER_MITCHELL,legacy_trigger_and_optional_party,REMOVE,Remove trainer trigger(s) from statically unreachable legacy maps: VictoryRoad_B1F,Delete/reclaim the constant only after all engine/rematch/PWT references are gone,CONCLUIDO
2,REMOVE_INACCESSIBLE_LEGACY_BATTLE,545,TRAINER_LYDIA_1,legacy_trigger_and_optional_party,REMOVE,Remove trainer trigger(s) from statically unreachable legacy maps: Route117,Delete/reclaim the constant only after all engine/rematch/PWT references are gone,CONCLUIDO
2,REMOVE_INACCESSIBLE_LEGACY_BATTLE,553,TRAINER_LORENZO,legacy_trigger_and_optional_party,REMOVE,Remove trainer trigger(s) from statically unreachable legacy maps: Route120,Delete/reclaim the constant only after all engine/rematch/PWT references are gone,CONCLUIDO
2,REMOVE_INACCESSIBLE_LEGACY_BATTLE,554,TRAINER_SEBASTIAN,legacy_trigger_and_optional_party,REMOVE,Remove trainer trigger(s) from statically unreachable legacy maps: Route110_TrickHousePuzzle6,Delete/reclaim the constant only after all engine/rematch/PWT references are gone,CONCLUIDO
2,REMOVE_INACCESSIBLE_LEGACY_BATTLE,561,TRAINER_SOPHIA,legacy_trigger_and_optional_party,REMOVE,Remove trainer trigger(s) from statically unreachable legacy maps: Route110_TrickHousePuzzle6,Delete/reclaim the constant only after all engine/rematch/PWT references are gone,CONCLUIDO
2,REMOVE_INACCESSIBLE_LEGACY_BATTLE,566,TRAINER_JULIO,legacy_trigger_and_optional_party,REMOVE,Remove trainer trigger(s) from statically unreachable legacy maps: JaggedPass,Delete/reclaim the constant only after all engine/rematch/PWT references are gone,CONCLUIDO
2,REMOVE_INACCESSIBLE_LEGACY_BATTLE,57,TRAINER_LOLA_1,legacy_trigger_and_optional_party,REMOVE,Remove trainer trigger(s) from statically unreachable legacy maps: Route109,Delete/reclaim the constant only after all engine/rematch/PWT references are gone,CONCLUIDO
2,REMOVE_INACCESSIBLE_LEGACY_BATTLE,572,TRAINER_BRENDEN,legacy_trigger_and_optional_party,REMOVE,Remove trainer trigger(s) from statically unreachable legacy maps: DewfordTown_Gym,Delete/reclaim the constant only after all engine/rematch/PWT references are gone,CONCLUIDO
2,REMOVE_INACCESSIBLE_LEGACY_BATTLE,573,TRAINER_LILITH,legacy_trigger_and_optional_party,REMOVE,Remove trainer trigger(s) from statically unreachable legacy maps: DewfordTown_Gym,Delete/reclaim the constant only after all engine/rematch/PWT references are gone,CONCLUIDO
2,REMOVE_INACCESSIBLE_LEGACY_BATTLE,575,TRAINER_SYLVIA,legacy_trigger_and_optional_party,REMOVE,Remove trainer trigger(s) from statically unreachable legacy maps: MossdeepCity_Gym,Delete/reclaim the constant only after all engine/rematch/PWT references are gone,CONCLUIDO
2,REMOVE_INACCESSIBLE_LEGACY_BATTLE,576,TRAINER_LEONARDO,legacy_trigger_and_optional_party,REMOVE,Remove trainer trigger(s) from statically unreachable legacy maps: Route126,Delete/reclaim the constant only after all engine/rematch/PWT references are gone,CONCLUIDO
2,REMOVE_INACCESSIBLE_LEGACY_BATTLE,583,TRAINER_KATHLEEN,legacy_trigger_and_optional_party,REMOVE,Remove trainer trigger(s) from statically unreachable legacy maps: MossdeepCity_Gym,Delete/reclaim the constant only after all engine/rematch/PWT references are gone,CONCLUIDO
2,REMOVE_INACCESSIBLE_LEGACY_BATTLE,584,TRAINER_CLIFFORD,legacy_trigger_and_optional_party,REMOVE,Remove trainer trigger(s) from statically unreachable legacy maps: MossdeepCity_Gym,Delete/reclaim the constant only after all engine/rematch/PWT references are gone,CONCLUIDO
2,REMOVE_INACCESSIBLE_LEGACY_BATTLE,585,TRAINER_NICHOLAS,legacy_trigger_and_optional_party,REMOVE,Remove trainer trigger(s) from statically unreachable legacy maps: MossdeepCity_Gym,Delete/reclaim the constant only after all engine/rematch/PWT references are gone,CONCLUIDO
2,REMOVE_INACCESSIBLE_LEGACY_BATTLE,591,TRAINER_MACEY,legacy_trigger_and_optional_party,REMOVE,Remove trainer trigger(s) from statically unreachable legacy maps: MossdeepCity_Gym,Delete/reclaim the constant only after all engine/rematch/PWT references are gone,CONCLUIDO
2,REMOVE_INACCESSIBLE_LEGACY_BATTLE,592,TRAINER_BRENDAN_RUSTBORO_TREECKO,legacy_trigger_and_optional_party,REMOVE,Remove trainer trigger(s) from statically unreachable legacy maps: Route104|RustboroCity,Delete/reclaim the constant only after all engine/rematch/PWT references are gone,CONCLUIDO
2,REMOVE_INACCESSIBLE_LEGACY_BATTLE,593,TRAINER_BRENDAN_RUSTBORO_MUDKIP,legacy_trigger_and_optional_party,REMOVE,Remove trainer trigger(s) from statically unreachable legacy maps: Route104|RustboroCity,Delete/reclaim the constant only after all engine/rematch/PWT references are gone,CONCLUIDO
2,REMOVE_INACCESSIBLE_LEGACY_BATTLE,594,TRAINER_PAXTON,legacy_trigger_and_optional_party,REMOVE,Remove trainer trigger(s) from statically unreachable legacy maps: Route132,Delete/reclaim the constant only after all engine/rematch/PWT references are gone,CONCLUIDO
2,REMOVE_INACCESSIBLE_LEGACY_BATTLE,597,TRAINER_TABITHA_MT_CHIMNEY,legacy_trigger_and_optional_party,REMOVE,Remove trainer trigger(s) from statically unreachable legacy maps: MtChimney,Delete/reclaim the constant only after all engine/rematch/PWT references are gone,CONCLUIDO
2,REMOVE_INACCESSIBLE_LEGACY_BATTLE,598,TRAINER_JONATHAN,legacy_trigger_and_optional_party,REMOVE,Remove trainer trigger(s) from statically unreachable legacy maps: Route132,Delete/reclaim the constant only after all engine/rematch/PWT references are gone,CONCLUIDO
2,REMOVE_INACCESSIBLE_LEGACY_BATTLE,599,TRAINER_BRENDAN_RUSTBORO_TORCHIC,legacy_trigger_and_optional_party,REMOVE,Remove trainer trigger(s) from statically unreachable legacy maps: Route104|RustboroCity,Delete/reclaim the constant only after all engine/rematch/PWT references are gone,CONCLUIDO
2,REMOVE_INACCESSIBLE_LEGACY_BATTLE,600,TRAINER_MAY_RUSTBORO_MUDKIP,legacy_trigger_and_optional_party,REMOVE,Remove trainer trigger(s) from statically unreachable legacy maps: Route104|RustboroCity,Delete/reclaim the constant only after all engine/rematch/PWT references are gone,CONCLUIDO
2,REMOVE_INACCESSIBLE_LEGACY_BATTLE,601,TRAINER_MAXIE_MAGMA_HIDEOUT,legacy_trigger_and_optional_party,REMOVE,Remove trainer trigger(s) from statically unreachable legacy maps: MagmaHideout_4F,Delete/reclaim the constant only after all engine/rematch/PWT references are gone,CONCLUIDO
2,REMOVE_INACCESSIBLE_LEGACY_BATTLE,602,TRAINER_MAXIE_MT_CHIMNEY,legacy_trigger_and_optional_party,REMOVE,Remove trainer trigger(s) from statically unreachable legacy maps: MtChimney,Delete/reclaim the constant only after all engine/rematch/PWT references are gone,CONCLUIDO
2,REMOVE_INACCESSIBLE_LEGACY_BATTLE,603,TRAINER_TIANA,legacy_trigger_and_optional_party,REMOVE,Remove trainer trigger(s) from statically unreachable legacy maps: Route102,Delete/reclaim the constant only after all engine/rematch/PWT references are gone,CONCLUIDO
2,REMOVE_INACCESSIBLE_LEGACY_BATTLE,606,TRAINER_VIVI,legacy_trigger_and_optional_party,REMOVE,Remove trainer trigger(s) from statically unreachable legacy maps: Route111,Delete/reclaim the constant only after all engine/rematch/PWT references are gone,CONCLUIDO
2,REMOVE_INACCESSIBLE_LEGACY_BATTLE,611,TRAINER_SALLY,legacy_trigger_and_optional_party,REMOVE,Remove trainer trigger(s) from statically unreachable legacy maps: Route110_TrickHousePuzzle1,Delete/reclaim the constant only after all engine/rematch/PWT references are gone,CONCLUIDO
2,REMOVE_INACCESSIBLE_LEGACY_BATTLE,612,TRAINER_ROBIN,legacy_trigger_and_optional_party,REMOVE,Remove trainer trigger(s) from statically unreachable legacy maps: Route110_TrickHousePuzzle1,Delete/reclaim the constant only after all engine/rematch/PWT references are gone,CONCLUIDO
2,REMOVE_INACCESSIBLE_LEGACY_BATTLE,615,TRAINER_RICK,legacy_trigger_and_optional_party,REMOVE,Remove trainer trigger(s) from statically unreachable legacy maps and delete its party block: Route102,Delete/reclaim the constant only after all engine/rematch/PWT references are gone,CONCLUIDO
2,REMOVE_INACCESSIBLE_LEGACY_BATTLE,627,TRAINER_TRENT_1,legacy_trigger_and_optional_party,REMOVE,Remove trainer trigger(s) from statically unreachable legacy maps: Route112,Delete/reclaim the constant only after all engine/rematch/PWT references are gone,CONCLUIDO
2,REMOVE_INACCESSIBLE_LEGACY_BATTLE,628,TRAINER_LENNY,legacy_trigger_and_optional_party,REMOVE,Remove trainer trigger(s) from statically unreachable legacy maps: Route114,Delete/reclaim the constant only after all engine/rematch/PWT references are gone,CONCLUIDO
2,REMOVE_INACCESSIBLE_LEGACY_BATTLE,629,TRAINER_LUCAS_1,legacy_trigger_and_optional_party,REMOVE,Remove trainer trigger(s) from statically unreachable legacy maps: Route114,Delete/reclaim the constant only after all engine/rematch/PWT references are gone,CONCLUIDO
2,REMOVE_INACCESSIBLE_LEGACY_BATTLE,631,TRAINER_CLARK,legacy_trigger_and_optional_party,REMOVE,Remove trainer trigger(s) from statically unreachable legacy maps: Route116,Delete/reclaim the constant only after all engine/rematch/PWT references are gone,CONCLUIDO
2,REMOVE_INACCESSIBLE_LEGACY_BATTLE,635,TRAINER_MIKE_2,legacy_trigger_and_optional_party,REMOVE,Remove trainer trigger(s) from statically unreachable legacy maps: RusturfTunnel,Delete/reclaim the constant only after all engine/rematch/PWT references are gone,CONCLUIDO
2,REMOVE_INACCESSIBLE_LEGACY_BATTLE,64,TRAINER_RICKY_1,legacy_trigger_and_optional_party,REMOVE,Remove trainer trigger(s) from statically unreachable legacy maps: Route109,Delete/reclaim the constant only after all engine/rematch/PWT references are gone,CONCLUIDO
2,REMOVE_INACCESSIBLE_LEGACY_BATTLE,640,TRAINER_DEZ_AND_LUKE,legacy_trigger_and_optional_party,REMOVE,Remove trainer trigger(s) from statically unreachable legacy maps: MtPyre_2F,Delete/reclaim the constant only after all engine/rematch/PWT references are gone,CONCLUIDO
2,REMOVE_INACCESSIBLE_LEGACY_BATTLE,641,TRAINER_LEA_AND_JED,legacy_trigger_and_optional_party,REMOVE,Remove trainer trigger(s) from statically unreachable legacy maps: SSTidalCorridor|SSTidalRooms,Delete/reclaim the constant only after all engine/rematch/PWT references are gone,CONCLUIDO
2,REMOVE_INACCESSIBLE_LEGACY_BATTLE,642,TRAINER_KIRA_AND_DAN_1,legacy_trigger_and_optional_party,REMOVE,Remove trainer trigger(s) from statically unreachable legacy maps: AbandonedShip_Rooms2_1F,Delete/reclaim the constant only after all engine/rematch/PWT references are gone,CONCLUIDO
2,REMOVE_INACCESSIBLE_LEGACY_BATTLE,647,TRAINER_JOHANNA,legacy_trigger_and_optional_party,REMOVE,Remove trainer trigger(s) from statically unreachable legacy maps: Route109_SeashoreHouse,Delete/reclaim the constant only after all engine/rematch/PWT references are gone,CONCLUIDO
2,REMOVE_INACCESSIBLE_LEGACY_BATTLE,649,TRAINER_VIVIAN,legacy_trigger_and_optional_party,REMOVE,Remove trainer trigger(s) from statically unreachable legacy maps: MauvilleCity_Gym,Delete/reclaim the constant only after all engine/rematch/PWT references are gone,CONCLUIDO
2,REMOVE_INACCESSIBLE_LEGACY_BATTLE,652,TRAINER_KEIGO,legacy_trigger_and_optional_party,REMOVE,Remove trainer trigger(s) from statically unreachable legacy maps: Route120,Delete/reclaim the constant only after all engine/rematch/PWT references are gone,CONCLUIDO
2,REMOVE_INACCESSIBLE_LEGACY_BATTLE,656,TRAINER_WALLY_MAUVILLE,legacy_trigger_and_optional_party,REMOVE,Remove trainer trigger(s) from statically unreachable legacy maps: MauvilleCity,Delete/reclaim the constant only after all engine/rematch/PWT references are gone,CONCLUIDO
2,REMOVE_INACCESSIBLE_LEGACY_BATTLE,657,TRAINER_WALLY_VR_2,legacy_trigger_and_optional_party,REMOVE,Remove trainer trigger(s) from statically unreachable legacy maps: VictoryRoad_1F,Delete/reclaim the constant only after all engine/rematch/PWT references are gone,CONCLUIDO
2,REMOVE_INACCESSIBLE_LEGACY_BATTLE,661,TRAINER_BRENDAN_LILYCOVE_MUDKIP,legacy_trigger_and_optional_party,REMOVE,Remove trainer trigger(s) from statically unreachable legacy maps: LilycoveCity,Delete/reclaim the constant only after all engine/rematch/PWT references are gone,CONCLUIDO
2,REMOVE_INACCESSIBLE_LEGACY_BATTLE,662,TRAINER_BRENDAN_LILYCOVE_TREECKO,legacy_trigger_and_optional_party,REMOVE,Remove trainer trigger(s) from statically unreachable legacy maps: LilycoveCity,Delete/reclaim the constant only after all engine/rematch/PWT references are gone,CONCLUIDO
2,REMOVE_INACCESSIBLE_LEGACY_BATTLE,663,TRAINER_BRENDAN_LILYCOVE_TORCHIC,legacy_trigger_and_optional_party,REMOVE,Remove trainer trigger(s) from statically unreachable legacy maps: LilycoveCity,Delete/reclaim the constant only after all engine/rematch/PWT references are gone,CONCLUIDO
2,REMOVE_INACCESSIBLE_LEGACY_BATTLE,664,TRAINER_MAY_LILYCOVE_MUDKIP,legacy_trigger_and_optional_party,REMOVE,Remove trainer trigger(s) from statically unreachable legacy maps: LilycoveCity,Delete/reclaim the constant only after all engine/rematch/PWT references are gone,CONCLUIDO
2,REMOVE_INACCESSIBLE_LEGACY_BATTLE,665,TRAINER_MAY_LILYCOVE_TREECKO,legacy_trigger_and_optional_party,REMOVE,Remove trainer trigger(s) from statically unreachable legacy maps: LilycoveCity,Delete/reclaim the constant only after all engine/rematch/PWT references are gone,CONCLUIDO
2,REMOVE_INACCESSIBLE_LEGACY_BATTLE,666,TRAINER_MAY_LILYCOVE_TORCHIC,legacy_trigger_and_optional_party,REMOVE,Remove trainer trigger(s) from statically unreachable legacy maps: LilycoveCity,Delete/reclaim the constant only after all engine/rematch/PWT references are gone,CONCLUIDO
2,REMOVE_INACCESSIBLE_LEGACY_BATTLE,669,TRAINER_ROGER,legacy_trigger_and_optional_party,REMOVE,Remove trainer trigger(s) from statically unreachable legacy maps: Route127,Delete/reclaim the constant only after all engine/rematch/PWT references are gone,CONCLUIDO
2,REMOVE_INACCESSIBLE_LEGACY_BATTLE,671,TRAINER_RUBEN,legacy_trigger_and_optional_party,REMOVE,Remove trainer trigger(s) from statically unreachable legacy maps: Route128,Delete/reclaim the constant only after all engine/rematch/PWT references are gone,CONCLUIDO
2,REMOVE_INACCESSIBLE_LEGACY_BATTLE,672,TRAINER_KOJI_1,legacy_trigger_and_optional_party,REMOVE,Remove trainer trigger(s) from statically unreachable legacy maps: Route127,Delete/reclaim the constant only after all engine/rematch/PWT references are gone,CONCLUIDO
2,REMOVE_INACCESSIBLE_LEGACY_BATTLE,675,TRAINER_REED,legacy_trigger_and_optional_party,REMOVE,Remove trainer trigger(s) from statically unreachable legacy maps: Route129,Delete/reclaim the constant only after all engine/rematch/PWT references are gone,CONCLUIDO
2,REMOVE_INACCESSIBLE_LEGACY_BATTLE,676,TRAINER_TISHA,legacy_trigger_and_optional_party,REMOVE,Remove trainer trigger(s) from statically unreachable legacy maps: Route129,Delete/reclaim the constant only after all engine/rematch/PWT references are gone,CONCLUIDO
2,REMOVE_INACCESSIBLE_LEGACY_BATTLE,677,TRAINER_TORI_AND_TIA,legacy_trigger_and_optional_party,REMOVE,Remove trainer trigger(s) from statically unreachable legacy maps: Route113,Delete/reclaim the constant only after all engine/rematch/PWT references are gone,CONCLUIDO
2,REMOVE_INACCESSIBLE_LEGACY_BATTLE,678,TRAINER_KIM_AND_IRIS,legacy_trigger_and_optional_party,REMOVE,Remove trainer trigger(s) from statically unreachable legacy maps: Route125,Delete/reclaim the constant only after all engine/rematch/PWT references are gone,CONCLUIDO
2,REMOVE_INACCESSIBLE_LEGACY_BATTLE,679,TRAINER_TYRA_AND_IVY,legacy_trigger_and_optional_party,REMOVE,Remove trainer trigger(s) from statically unreachable legacy maps: Route114,Delete/reclaim the constant only after all engine/rematch/PWT references are gone,CONCLUIDO
2,REMOVE_INACCESSIBLE_LEGACY_BATTLE,680,TRAINER_MEL_AND_PAUL,legacy_trigger_and_optional_party,REMOVE,Remove trainer trigger(s) from statically unreachable legacy maps: Route109,Delete/reclaim the constant only after all engine/rematch/PWT references are gone,CONCLUIDO
2,REMOVE_INACCESSIBLE_LEGACY_BATTLE,681,TRAINER_JOHN_AND_JAY_1,legacy_trigger_and_optional_party,REMOVE,Remove trainer trigger(s) from statically unreachable legacy maps: MeteorFalls_1F_2R,Delete/reclaim the constant only after all engine/rematch/PWT references are gone,CONCLUIDO
2,REMOVE_INACCESSIBLE_LEGACY_BATTLE,686,TRAINER_RELI_AND_IAN,legacy_trigger_and_optional_party,REMOVE,Remove trainer trigger(s) from statically unreachable legacy maps: Route131,Delete/reclaim the constant only after all engine/rematch/PWT references are gone,CONCLUIDO
2,REMOVE_INACCESSIBLE_LEGACY_BATTLE,687,TRAINER_LILA_AND_ROY_1,legacy_trigger_and_optional_party,REMOVE,Remove trainer trigger(s) from statically unreachable legacy maps: Route124,Delete/reclaim the constant only after all engine/rematch/PWT references are gone,CONCLUIDO
2,REMOVE_INACCESSIBLE_LEGACY_BATTLE,692,TRAINER_LISA_AND_RAY,legacy_trigger_and_optional_party,REMOVE,Remove trainer trigger(s) from statically unreachable legacy maps: Route107,Delete/reclaim the constant only after all engine/rematch/PWT references are gone,CONCLUIDO
2,REMOVE_INACCESSIBLE_LEGACY_BATTLE,695,TRAINER_SARAH,legacy_trigger_and_optional_party,REMOVE,Remove trainer trigger(s) from statically unreachable legacy maps: Route116,Delete/reclaim the constant only after all engine/rematch/PWT references are gone,CONCLUIDO
2,REMOVE_INACCESSIBLE_LEGACY_BATTLE,699,TRAINER_KALEB,legacy_trigger_and_optional_party,REMOVE,Remove trainer trigger(s) from statically unreachable legacy maps: Route110,Delete/reclaim the constant only after all engine/rematch/PWT references are gone,CONCLUIDO
2,REMOVE_INACCESSIBLE_LEGACY_BATTLE,700,TRAINER_JOSEPH,legacy_trigger_and_optional_party,REMOVE,Remove trainer trigger(s) from statically unreachable legacy maps: Route110,Delete/reclaim the constant only after all engine/rematch/PWT references are gone,CONCLUIDO
2,REMOVE_INACCESSIBLE_LEGACY_BATTLE,702,TRAINER_MARCOS,legacy_trigger_and_optional_party,REMOVE,Remove trainer trigger(s) from statically unreachable legacy maps: Route103,Delete/reclaim the constant only after all engine/rematch/PWT references are gone,CONCLUIDO
2,REMOVE_INACCESSIBLE_LEGACY_BATTLE,703,TRAINER_RHETT,legacy_trigger_and_optional_party,REMOVE,Remove trainer trigger(s) from statically unreachable legacy maps: Route103,Delete/reclaim the constant only after all engine/rematch/PWT references are gone,CONCLUIDO
2,REMOVE_INACCESSIBLE_LEGACY_BATTLE,704,TRAINER_TYRON,legacy_trigger_and_optional_party,REMOVE,Remove trainer trigger(s) from statically unreachable legacy maps: Route111,Delete/reclaim the constant only after all engine/rematch/PWT references are gone,CONCLUIDO
2,REMOVE_INACCESSIBLE_LEGACY_BATTLE,706,TRAINER_BIANCA,legacy_trigger_and_optional_party,REMOVE,Remove trainer trigger(s) from statically unreachable legacy maps: Route111,Delete/reclaim the constant only after all engine/rematch/PWT references are gone,CONCLUIDO
2,REMOVE_INACCESSIBLE_LEGACY_BATTLE,708,TRAINER_SOPHIE,legacy_trigger_and_optional_party,REMOVE,Remove trainer trigger(s) from statically unreachable legacy maps: Route113,Delete/reclaim the constant only after all engine/rematch/PWT references are gone,CONCLUIDO
2,REMOVE_INACCESSIBLE_LEGACY_BATTLE,710,TRAINER_LAWRENCE,legacy_trigger_and_optional_party,REMOVE,Remove trainer trigger(s) from statically unreachable legacy maps: Route113,Delete/reclaim the constant only after all engine/rematch/PWT references are gone,CONCLUIDO
2,REMOVE_INACCESSIBLE_LEGACY_BATTLE,711,TRAINER_WYATT,legacy_trigger_and_optional_party,REMOVE,Remove trainer trigger(s) from statically unreachable legacy maps: Route113,Delete/reclaim the constant only after all engine/rematch/PWT references are gone,CONCLUIDO
2,REMOVE_INACCESSIBLE_LEGACY_BATTLE,713,TRAINER_KAI,legacy_trigger_and_optional_party,REMOVE,Remove trainer trigger(s) from statically unreachable legacy maps: Route114,Delete/reclaim the constant only after all engine/rematch/PWT references are gone,CONCLUIDO
2,REMOVE_INACCESSIBLE_LEGACY_BATTLE,716,TRAINER_GRUNT_MAGMA_HIDEOUT_1,legacy_trigger_and_optional_party,REMOVE,Remove trainer trigger(s) from statically unreachable legacy maps: MagmaHideout_1F,Delete/reclaim the constant only after all engine/rematch/PWT references are gone,CONCLUIDO
2,REMOVE_INACCESSIBLE_LEGACY_BATTLE,719,TRAINER_GRUNT_MAGMA_HIDEOUT_4,legacy_trigger_and_optional_party,REMOVE,Remove trainer trigger(s) from statically unreachable legacy maps: MagmaHideout_2F_1R,Delete/reclaim the constant only after all engine/rematch/PWT references are gone,CONCLUIDO
2,REMOVE_INACCESSIBLE_LEGACY_BATTLE,720,TRAINER_GRUNT_MAGMA_HIDEOUT_5,legacy_trigger_and_optional_party,REMOVE,Remove trainer trigger(s) from statically unreachable legacy maps: MagmaHideout_2F_1R,Delete/reclaim the constant only after all engine/rematch/PWT references are gone,CONCLUIDO
2,REMOVE_INACCESSIBLE_LEGACY_BATTLE,721,TRAINER_GRUNT_MAGMA_HIDEOUT_6,legacy_trigger_and_optional_party,REMOVE,Remove trainer trigger(s) from statically unreachable legacy maps: MagmaHideout_2F_2R,Delete/reclaim the constant only after all engine/rematch/PWT references are gone,CONCLUIDO
2,REMOVE_INACCESSIBLE_LEGACY_BATTLE,722,TRAINER_GRUNT_MAGMA_HIDEOUT_7,legacy_trigger_and_optional_party,REMOVE,Remove trainer trigger(s) from statically unreachable legacy maps: MagmaHideout_2F_2R,Delete/reclaim the constant only after all engine/rematch/PWT references are gone,CONCLUIDO
2,REMOVE_INACCESSIBLE_LEGACY_BATTLE,723,TRAINER_GRUNT_MAGMA_HIDEOUT_8,legacy_trigger_and_optional_party,REMOVE,Remove trainer trigger(s) from statically unreachable legacy maps: MagmaHideout_2F_2R,Delete/reclaim the constant only after all engine/rematch/PWT references are gone,CONCLUIDO
2,REMOVE_INACCESSIBLE_LEGACY_BATTLE,724,TRAINER_GRUNT_MAGMA_HIDEOUT_9,legacy_trigger_and_optional_party,REMOVE,Remove trainer trigger(s) from statically unreachable legacy maps: MagmaHideout_3F_1R,Delete/reclaim the constant only after all engine/rematch/PWT references are gone,CONCLUIDO
2,REMOVE_INACCESSIBLE_LEGACY_BATTLE,725,TRAINER_GRUNT_MAGMA_HIDEOUT_10,legacy_trigger_and_optional_party,REMOVE,Remove trainer trigger(s) from statically unreachable legacy maps: MagmaHideout_3F_2R,Delete/reclaim the constant only after all engine/rematch/PWT references are gone,CONCLUIDO
2,REMOVE_INACCESSIBLE_LEGACY_BATTLE,726,TRAINER_GRUNT_MAGMA_HIDEOUT_11,legacy_trigger_and_optional_party,REMOVE,Remove trainer trigger(s) from statically unreachable legacy maps: MagmaHideout_4F,Delete/reclaim the constant only after all engine/rematch/PWT references are gone,CONCLUIDO
2,REMOVE_INACCESSIBLE_LEGACY_BATTLE,727,TRAINER_GRUNT_MAGMA_HIDEOUT_12,legacy_trigger_and_optional_party,REMOVE,Remove trainer trigger(s) from statically unreachable legacy maps: MagmaHideout_4F,Delete/reclaim the constant only after all engine/rematch/PWT references are gone,CONCLUIDO
2,REMOVE_INACCESSIBLE_LEGACY_BATTLE,728,TRAINER_GRUNT_MAGMA_HIDEOUT_13,legacy_trigger_and_optional_party,REMOVE,Remove trainer trigger(s) from statically unreachable legacy maps: MagmaHideout_4F,Delete/reclaim the constant only after all engine/rematch/PWT references are gone,CONCLUIDO
2,REMOVE_INACCESSIBLE_LEGACY_BATTLE,729,TRAINER_GRUNT_MAGMA_HIDEOUT_14,legacy_trigger_and_optional_party,REMOVE,Remove trainer trigger(s) from statically unreachable legacy maps: MagmaHideout_2F_1R,Delete/reclaim the constant only after all engine/rematch/PWT references are gone,CONCLUIDO
2,REMOVE_INACCESSIBLE_LEGACY_BATTLE,730,TRAINER_GRUNT_MAGMA_HIDEOUT_15,legacy_trigger_and_optional_party,REMOVE,Remove trainer trigger(s) from statically unreachable legacy maps: MagmaHideout_2F_2R,Delete/reclaim the constant only after all engine/rematch/PWT references are gone,CONCLUIDO
2,REMOVE_INACCESSIBLE_LEGACY_BATTLE,731,TRAINER_GRUNT_MAGMA_HIDEOUT_16,legacy_trigger_and_optional_party,REMOVE,Remove trainer trigger(s) from statically unreachable legacy maps: MagmaHideout_3F_1R,Delete/reclaim the constant only after all engine/rematch/PWT references are gone,CONCLUIDO
2,REMOVE_INACCESSIBLE_LEGACY_BATTLE,732,TRAINER_TABITHA_MAGMA_HIDEOUT,legacy_trigger_and_optional_party,REMOVE,Remove trainer trigger(s) from statically unreachable legacy maps: MagmaHideout_4F,Delete/reclaim the constant only after all engine/rematch/PWT references are gone,CONCLUIDO
2,REMOVE_INACCESSIBLE_LEGACY_BATTLE,735,TRAINER_PETE,legacy_trigger_and_optional_party,REMOVE,Remove trainer trigger(s) from statically unreachable legacy maps: Route103,Delete/reclaim the constant only after all engine/rematch/PWT references are gone,CONCLUIDO
2,REMOVE_INACCESSIBLE_LEGACY_BATTLE,738,TRAINER_JOSUE,legacy_trigger_and_optional_party,REMOVE,Remove trainer trigger(s) from statically unreachable legacy maps: Route105,Delete/reclaim the constant only after all engine/rematch/PWT references are gone,CONCLUIDO
2,REMOVE_INACCESSIBLE_LEGACY_BATTLE,745,TRAINER_BRANDEN,legacy_trigger_and_optional_party,REMOVE,Remove trainer trigger(s) from statically unreachable legacy maps: Route111,Delete/reclaim the constant only after all engine/rematch/PWT references are gone,CONCLUIDO
2,REMOVE_INACCESSIBLE_LEGACY_BATTLE,747,TRAINER_SHAYLA,legacy_trigger_and_optional_party,REMOVE,Remove trainer trigger(s) from statically unreachable legacy maps: Route112,Delete/reclaim the constant only after all engine/rematch/PWT references are gone,CONCLUIDO
2,REMOVE_INACCESSIBLE_LEGACY_BATTLE,748,TRAINER_KYRA,legacy_trigger_and_optional_party,REMOVE,Remove trainer trigger(s) from statically unreachable legacy maps: Route115,Delete/reclaim the constant only after all engine/rematch/PWT references are gone,CONCLUIDO
2,REMOVE_INACCESSIBLE_LEGACY_BATTLE,751,TRAINER_HELENE,legacy_trigger_and_optional_party,REMOVE,Remove trainer trigger(s) from statically unreachable legacy maps: Route115,Delete/reclaim the constant only after all engine/rematch/PWT references are gone,CONCLUIDO
2,REMOVE_INACCESSIBLE_LEGACY_BATTLE,752,TRAINER_MARLENE,legacy_trigger_and_optional_party,REMOVE,Remove trainer trigger(s) from statically unreachable legacy maps: Route115,Delete/reclaim the constant only after all engine/rematch/PWT references are gone,CONCLUIDO
2,REMOVE_INACCESSIBLE_LEGACY_BATTLE,754,TRAINER_JOHNSON,legacy_trigger_and_optional_party,REMOVE,Remove trainer trigger(s) from statically unreachable legacy maps: Route116,Delete/reclaim the constant only after all engine/rematch/PWT references are gone,CONCLUIDO
2,REMOVE_INACCESSIBLE_LEGACY_BATTLE,755,TRAINER_MELINA,legacy_trigger_and_optional_party,REMOVE,Remove trainer trigger(s) from statically unreachable legacy maps: Route117,Delete/reclaim the constant only after all engine/rematch/PWT references are gone,CONCLUIDO
2,REMOVE_INACCESSIBLE_LEGACY_BATTLE,756,TRAINER_BRANDI,legacy_trigger_and_optional_party,REMOVE,Remove trainer trigger(s) from statically unreachable legacy maps: Route117,Delete/reclaim the constant only after all engine/rematch/PWT references are gone,CONCLUIDO
2,REMOVE_INACCESSIBLE_LEGACY_BATTLE,758,TRAINER_MAKAYLA,legacy_trigger_and_optional_party,REMOVE,Remove trainer trigger(s) from statically unreachable legacy maps: Route132,Delete/reclaim the constant only after all engine/rematch/PWT references are gone,CONCLUIDO
2,REMOVE_INACCESSIBLE_LEGACY_BATTLE,761,TRAINER_RACHEL,legacy_trigger_and_optional_party,REMOVE,Remove trainer trigger(s) from statically unreachable legacy maps: Route119,Delete/reclaim the constant only after all engine/rematch/PWT references are gone,CONCLUIDO
2,REMOVE_INACCESSIBLE_LEGACY_BATTLE,762,TRAINER_LEONEL,legacy_trigger_and_optional_party,REMOVE,Remove trainer trigger(s) from statically unreachable legacy maps: Route120,Delete/reclaim the constant only after all engine/rematch/PWT references are gone,CONCLUIDO
2,REMOVE_INACCESSIBLE_LEGACY_BATTLE,765,TRAINER_MYLES,legacy_trigger_and_optional_party,REMOVE,Remove trainer trigger(s) from statically unreachable legacy maps: Route121,Delete/reclaim the constant only after all engine/rematch/PWT references are gone,CONCLUIDO
2,REMOVE_INACCESSIBLE_LEGACY_BATTLE,768,TRAINER_MAY_RUSTBORO_TREECKO,legacy_trigger_and_optional_party,REMOVE,Remove trainer trigger(s) from statically unreachable legacy maps: Route104|RustboroCity,Delete/reclaim the constant only after all engine/rematch/PWT references are gone,CONCLUIDO
2,REMOVE_INACCESSIBLE_LEGACY_BATTLE,769,TRAINER_MAY_RUSTBORO_TORCHIC,legacy_trigger_and_optional_party,REMOVE,Remove trainer trigger(s) from statically unreachable legacy maps: Route104|RustboroCity,Delete/reclaim the constant only after all engine/rematch/PWT references are gone,CONCLUIDO
2,REMOVE_INACCESSIBLE_LEGACY_BATTLE,77,TRAINER_LEROY,legacy_trigger_and_optional_party,REMOVE,Remove trainer trigger(s) from statically unreachable legacy maps and delete its party block: Route110_TrickHousePuzzle8,Delete/reclaim the constant only after all engine/rematch/PWT references are gone,CONCLUIDO
2,REMOVE_INACCESSIBLE_LEGACY_BATTLE,78,TRAINER_WILTON_1,legacy_trigger_and_optional_party,REMOVE,Remove trainer trigger(s) from statically unreachable legacy maps: Route111,Delete/reclaim the constant only after all engine/rematch/PWT references are gone,CONCLUIDO
2,REMOVE_INACCESSIBLE_LEGACY_BATTLE,82,TRAINER_VITO,legacy_trigger_and_optional_party,REMOVE,Remove trainer trigger(s) from statically unreachable legacy maps: VictoryRoad_B2F,Delete/reclaim the constant only after all engine/rematch/PWT references are gone,CONCLUIDO
2,REMOVE_INACCESSIBLE_LEGACY_BATTLE,848,TRAINER_MARIELA,legacy_trigger_and_optional_party,REMOVE,Remove trainer trigger(s) from statically unreachable legacy maps: Route110_TrickHousePuzzle7,Delete/reclaim the constant only after all engine/rematch/PWT references are gone,CONCLUIDO
2,REMOVE_INACCESSIBLE_LEGACY_BATTLE,89,TRAINER_MARY,legacy_trigger_and_optional_party,REMOVE,Remove trainer trigger(s) from statically unreachable legacy maps and delete its party block: PetalburgCity_Gym,Delete/reclaim the constant only after all engine/rematch/PWT references are gone,CONCLUIDO
2,REMOVE_INACCESSIBLE_LEGACY_BATTLE,91,TRAINER_JODY,legacy_trigger_and_optional_party,REMOVE,Remove trainer trigger(s) from statically unreachable legacy maps and delete its party block: PetalburgCity_Gym,Delete/reclaim the constant only after all engine/rematch/PWT references are gone,CONCLUIDO
2,REMOVE_INACCESSIBLE_LEGACY_BATTLE,99,TRAINER_CAROLINE,legacy_trigger_and_optional_party,REMOVE,Remove trainer trigger(s) from statically unreachable legacy maps and delete its party block: VictoryRoad_B2F,Delete/reclaim the constant only after all engine/rematch/PWT references are gone,CONCLUIDO
2,REMOVE_ORPHANED_PARTY,10,TRAINER_TONY,trainers.party,REMOVE,Party exists but no runtime consumer was found,Search again immediately before deletion,CONCLUIDO
2,REMOVE_ORPHANED_PARTY,193,TRAINER_STEVE,trainers.party,REMOVE,Party exists but no runtime consumer was found,Search again immediately before deletion,CONCLUIDO
2,REMOVE_ORPHANED_PARTY,211,TRAINER_KOJI,trainers.party,REMOVE,Party exists but no runtime consumer was found,Search again immediately before deletion,CONCLUIDO
2,REMOVE_ORPHANED_PARTY,22,TRAINER_VERONICA,trainers.party,REMOVE,Party exists but no runtime consumer was found,Search again immediately before deletion,CONCLUIDO
2,REMOVE_ORPHANED_PARTY,23,TRAINER_THERESA,trainers.party,REMOVE,Party exists but no runtime consumer was found,Search again immediately before deletion,CONCLUIDO
2,REMOVE_ORPHANED_PARTY,282,TRAINER_BLUE_2,trainers.party,REMOVE,Party exists but no runtime consumer was found,Search again immediately before deletion,CONCLUIDO
2,REMOVE_ORPHANED_PARTY,449,TRAINER_GRUNT_30,trainers.party,REMOVE,Party exists but no runtime consumer was found,Search again immediately before deletion,CONCLUIDO
2,REMOVE_ORPHANED_PARTY,464,TRAINER_GRUNT,trainers.party,REMOVE,Party exists but no runtime consumer was found,Search again immediately before deletion,CONCLUIDO
2,REMOVE_ORPHANED_PARTY,466,TRAINER_GRUNT_32,trainers.party,REMOVE,Party exists but no runtime consumer was found,Search again immediately before deletion,CONCLUIDO
2,REMOVE_ORPHANED_PARTY,547,TRAINER_RUSS,trainers.party,REMOVE,Party exists but no runtime consumer was found,Search again immediately before deletion,CONCLUIDO
2,REMOVE_ORPHANED_PARTY,574,TRAINER_HARVEY,trainers.party,REMOVE,Party exists but no runtime consumer was found,Search again immediately before deletion,CONCLUIDO
2,REMOVE_ORPHANED_PARTY,580,TRAINER_GRUNT_24,trainers.party,REMOVE,Party exists but no runtime consumer was found,Search again immediately before deletion,CONCLUIDO
2,REMOVE_ORPHANED_PARTY,587,TRAINER_WALTER,trainers.party,REMOVE,Party exists but no runtime consumer was found,Search again immediately before deletion,CONCLUIDO
2,REMOVE_ORPHANED_PARTY,650,TRAINER_KENDRA,trainers.party,REMOVE,Party exists but no runtime consumer was found,Search again immediately before deletion,CONCLUIDO
2,REMOVE_ORPHANED_PARTY,674,TRAINER_ANDY,trainers.party,REMOVE,Party exists but no runtime consumer was found,Search again immediately before deletion,CONCLUIDO
2,REMOVE_ORPHANED_PARTY,709,TRAINER_GRUNT_25,trainers.party,REMOVE,Party exists but no runtime consumer was found,Search again immediately before deletion,CONCLUIDO
2,REMOVE_ORPHANED_PARTY,760,TRAINER_JOHN,trainers.party,REMOVE,Party exists but no runtime consumer was found,Search again immediately before deletion,CONCLUIDO
2,REMOVE_ORPHANED_PARTY,764,TRAINER_ETHEL,trainers.party,REMOVE,Party exists but no runtime consumer was found,Search again immediately before deletion,CONCLUIDO
2,REMOVE_ORPHANED_PARTY,8,TRAINER_TYLER,trainers.party,REMOVE,Party exists but no runtime consumer was found,Search again immediately before deletion,CONCLUIDO
2,REMOVE_ORPHANED_PARTY,802,TRAINER_CARLENE,trainers.party,REMOVE,Party exists but no runtime consumer was found,Search again immediately before deletion,CONCLUIDO
3,FORCE_HARD_BEHAVIOR,,,src/difficulty.c,REMOVE_OR_SIMPLIFY,Make Hard behavior the only active behavior before deleting selectors,Compile and test after each subsystem,CONCLUIDO
3,REMOVE_DIFFICULTY_OPTION,,,src/option_menu.c,REMOVE_OR_SIMPLIFY,Remove Normal/Hard choice from UI,Compile and test after each subsystem,CONCLUIDO
3,REMOVE_DIFFICULTY_SAVE_FIELD,,,save/options structures,REMOVE_OR_SIMPLIFY,Remove only after migration and save compatibility review,Compile and test after each subsystem,CONCLUIDO
3,REMOVE_DIFFICULTY_VAR_FLAG,,,VAR_DIFFICULTY and FLAG_DIFFICULTY_HARD,REMOVE_OR_SIMPLIFY,Remove only after all consumers are gone,Compile and test after each subsystem,CONCLUIDO
3,REMOVE_HALL_OF_FAME_DIFFICULTY_LABEL,,,src/hall_of_fame.c,REMOVE_OR_SIMPLIFY,Single difficulty no longer needs a label,Compile and test after each subsystem,CONCLUIDO
3,SIMPLIFY_DIFFICULTY_INDEXED_DATA,,,"trainer slides, partners, PWT/Dome",REMOVE_OR_SIMPLIFY,Collapse arrays and accessors to one Hard-quality dataset,Compile and test after each subsystem,CONCLUIDO
